번호,개방서비스명,개방서비스아이디,개방자치단체코드,관리번호,인허가일자,인허가취소일자,영업상태구분코드,영업상태명,상세영업상태코드,상세영업상태명,폐업일자,휴업시작일자,휴업종료일자,재개업일자,소재지전화,소재지면적,소재지우편번호,소재지전체주소,도로명전체주소,도로명우편번호,사업장명,최종수정시점,데이터갱신구분,데이터갱신일자,업태구분명,좌표정보(x),좌표정보(y),문화체육업종명,공사립구분명,보험가입여부코드,지도자수,건축물동수,건축물연면적,회원모집총인원,세부업종명,법인명
1,승마장업,10_38_01_P,4690000,CDFH3301252015000001,20150915,,2,휴업,2,휴업,,20201111,20211111,,531-0440,,,,전라북도 정읍시 서부산업도로 124-49 (상평동),56208,정읍 승마 클럽,2.02011E+13,U,2020.11.14 2:40,,185339,228833,승마장업,사립,,1,,94.51,,,
2,승마장업,10_38_01_P,4070000,CDFH3301252016000001,20160617,,2,휴업,2,휴업,,20200207,20220207,,8011-3806,,,경기도 이천시 부발읍 고백리 78번지,경기도 이천시 부발읍 부흥로 42,17317,태극호스파크,2.02002E+13,U,2020.2.9 2:40,,247547.7853,421844.2938,승마장업,사립,Y,1,,,,,
3,승마장업,10_38_01_P,4940000,CDFH3301252010000001,20100524,,2,휴업,2,휴업,,20200227,20210226,,061-461-2002,,526893,전라남도 영암군 삼호읍 동호리 1040-3번지,전라남도 영암군 삼호읍 백야길 29-216,,천마승마클럽,2.02002E+13,U,2020.3.1 2:40,,154144.2532,140356.2324,승마장업,사립,,1,4,292.9,,,
4,승마장업,10_38_01_P,6520000,CDFH3301252016000001,20161021,,2,휴업,2,휴업,,20220103,20221231,,,,,제주특별자치도 서귀포시 안덕면 광평리 산 91,,,아덴힐승마장,2.02201E+13,U,2022.1.5 2:40,,140506.2068,-17125.84908,승마장업,사립,Y,1,1,459.68,0,,
5,승마장업,10_38_01_P,6520000,CDFH3301252012000001,20120428,,2,휴업,2,휴업,,20220331,20241231,,064-794-5220,,,제주특별자치도 서귀포시 안덕면 서광리 산 50-33,제주특별자치도 서귀포시 안덕면 녹차분재로 239,63521,서광승마장,2.02203E+13,U,2022.4.2 2:40,,133876.8033,-21261.74063,승마장업,사립,,0,0,112.32,0,,
6,승마장업,10_38_01_P,4090000,CDFH3301252002000001,20020918,,2,휴업,2,휴업,,20210707,20220706,,,,415862,경기도 김포시 통진읍 고정리 295-4,경기도 김포시 통진읍 고척로228번길 48,,휘담승마장,2.02107E+13,U,2021.7.25 2:40,,164067.5416,468744.3734,승마장업,사립,Y,0,5,1693.76,0,,
7,승마장업,10_38_01_P,5240000,CDFH3301252011000001,20110706,,2,휴업,2,휴업,,,,,546730534,,755802,경상북도 봉화군 봉화읍 석평리 717번지,경상북도 봉화군 봉화읍 유록길 22-1,,봉화군 승마교육장,2.01911E+13,U,2019.11.29 2:40,,353737.2015,377068.9344,승마장업,사립,,,,,,,
8,승마장업,10_38_01_P,4190000,CDFH3301252000000001,20000613,,2,휴업,2,휴업,,20210715,20221231,,747-8115,,,강원도 원주시 봉산동 73-5,강원도 원주시 화실유암길 109-25 (봉산동),26454,원주승마장,2.02107E+13,U,2021.8.1 2:40,,287286.7593,428072.405,승마장업,사립,,0,0,0,0,,
9,승마장업,10_38_01_P,4080000,CDFH3301252010000001,20101110,,2,휴업,2,휴업,,20190830,,,031-677-3826,,456931,경기도 안성시 양성면 동항리 599-2번지,경기도 안성시 양성면 천덕산로 917,17502,안성승마클럽,2.02001E+13,U,2020.1.17 2:40,,215878.4319,395721.8097,승마장업,사립,Y,1,,,,,
10,승마장업,10_38_01_P,5710000,CDFH3301252004100001,20040729,,2,휴업,2,휴업,,20210901,20250831,,,,,충청북도 청주시 흥덕구 옥산면 동림리 산 53,충청북도 청주시 흥덕구 옥산면 동림2길 149,28103,떼제베승마장,2.02109E+13,U,2021.9.8 2:40,,228318.7977,351791.5069,승마장업,사립,Y,1,3,4490.84,0,,
11,승마장업,10_38_01_P,4280000,CDFH3301252006000001,20060407,,2,휴업,2,휴업,,20190621,20240620,,,,,강원도 평창군 진부면 두일리 855번지,강원도 평창군 진부면 두일길 119-19,25321,해피호스파크,2.01906E+13,U,2019.6.29 2:40,,333917.0124,463763.0319,승마장업,사립,,,,,,,
12,승마장업,10_38_01_P,3360000,CDFH3301252015000001,20150415,,2,휴업,2,휴업,,20210729,20231231,,,,618807,부산광역시 강서구 대저2동 1384-1,부산광역시 강서구 공항로919번길 22 (대저2동),46719,대길승마장,2.02107E+13,U,2021.7.31 2:40,,378461.097,189619.9382,승마장업,사립,,1,0,0,0,,
13,승마장업,10_38_01_P,4290000,CDFH3301252011000001,20110922,,2,휴업,2,휴업,,20130513,20150511,,,,233833,강원도 정선군 남면 무릉리 198번지,강원도 정선군 남면 억새꽃길 275,233833,민둥산 산악승마,2.01305E+13,I,2018.8.31 23:59,,357926.5756,420218.0944,승마장업,사립,,1,,,,,
14,승마장업,10_38_01_P,4510000,CDFH3301252012000001,20120727,,2,휴업,2,휴업,,20200316,20200615,,,,,충청남도 보령시 대천동 1120-3번지,충청남도 보령시 중앙로 187-66 (대천동),33449,보령승마클럽,2.02003E+13,U,2020.3.18 2:40,,162442.5064,316891.609,승마장업,사립,Y,1,1,,,,
15,승마장업,10_38_01_P,4580000,CDFH3301252006000001,20061018,,2,휴업,2,휴업,,20090710,20100301,,951-5789,,325892,충청남도 서천군 서면 도둔리 468-5번지,충청남도 서천군 서면 동중길 99-41,,춘장대승마장,2.00907E+13,I,2018.8.31 23:59,,157390.5295,295840.8193,승마장업,사립,,,,322.75,,,
16,승마장업,10_38_01_P,4400000,CDFH3301252017000001,20170404,,2,휴업,2,휴업,,,,,043-653-0333,,,충청북도 제천시 봉양읍 명도리 326-1번지,충청북도 제천시 봉양읍 용두대로40길 172-35,27109,제천승마랜드,2.02001E+13,U,2020.1.15 2:40,,301110.8883,406959.9195,승마장업,사립,,1,,660,,,
17,승마장업,10_38_01_P,5070000,CDFH3301252016000001,20161128,,3,폐업,3,폐업,20190107,,,,054-854-8540,,,경상북도 안동시 서후면 저전리 330번지,경상북도 안동시 서후면 북평로 396-28,36616,안동승마공원,2.01901E+13,U,2019.1.9 2:40,,352105.2404,350494.4302,승마장업,사립,Y,1,4,665.61,,,
18,승마장업,10_38_01_P,5070000,CDFH3301252017000001,20170427,,3,폐업,3,폐업,20190304,,,,,,,경상북도 안동시 옥동 1230번지,"경상북도 안동시 하이마로 385 (옥동, 한국생명과학고등학교)",36663,안동시승마협회,2.01903E+13,U,2019.3.6 2:40,,350980.7528,339934.2776,승마장업,사립,Y,1,,,,,
19,승마장업,10_38_01_P,5310000,CDFH3301252014000001,20140418,,3,폐업,3,폐업,20150715,,,,,,660380,경상남도 진주시 장재동 75번지,경상남도 진주시 대신로 642-42 (장재동),660380,정오승마장,2.01507E+13,I,2018.8.31 23:59,,300930.6771,191438.9605,승마장업,사립,,1,,,,,
20,승마장업,10_38_01_P,5700000,CDFH3301251994000001,19940831,,3,폐업,3,폐업,20030901,,,,,,469884,경기도 여주시 가남읍 삼군리 산 59-5번지,,,거루승마장,2.00309E+13,I,2018.8.31 23:59,,,,승마장업,사립,0,,,3937,,,
21,승마장업,10_38_01_P,4000000,CDFH3301252006000001,20060929,,3,폐업,3,폐업,20170816,,,,372-3153,,,경기도 오산시 지곶동 466-1번지,"경기도 오산시 서랑로214번길 7-17 (지곶동, 세마대승마클럽)",18102,세마대승마장,2.01708E+13,I,2018.8.31 23:59,,202179.8063,408091.795,승마장업,사립,,,,,,,
22,승마장업,10_38_01_P,4070000,CDFH3301252015000001,20150901,,3,폐업,3,폐업,20190711,,,,,,,경기도 이천시 설성면 장천리 114번지,경기도 이천시 설성면 설성로181번길 30,17411,파밀리에승마장,2.01907E+13,U,2019.7.13 2:40,,247020.09,405111.855,승마장업,사립,,2,,,,,
23,승마장업,10_38_01_P,5590000,CDFH3301252019000001,20190310,,3,폐업,3,폐업,20210621,,,,031-868-9594,,,경기도 양주시 은현면 용암리 123-7,경기도 양주시 은현면 용암로265번길 139-46,11428,(주)휴먼앤홀스랜드,2.02106E+13,U,2021.6.23 2:40,,204385.7471,485890.4702,승마장업,사립,,1,,,,,
24,승마장업,10_38_01_P,5250000,CDFH3301252011000001,20111028,,3,폐업,3,폐업,20190328,,,,054-781-7884,,767803,경상북도 울진군 울진읍 명도리 산 149-1,,,울진 사레와 농어촌 관광,2.02011E+13,U,2020.11.21 2:40,,,,승마장업,사립,,1,4,3000,,,
25,승마장업,10_38_01_P,5080000,CDFH3301252008000001,20081127,,3,폐업,3,폐업,20150403,,,,,,730180,경상북도 구미시 선기동 98번지,경상북도 구미시 송선로2길 47 (선기동),730180,구미승마장,2.01504E+13,I,2018.8.31 23:59,,315977.6105,294292.8231,승마장업,사립,,,3,726.3,,,
26,승마장업,10_38_01_P,5080000,CDFH3301252013000001,20131203,,3,폐업,3,폐업,20191205,,,,471-6700,,730872,경상북도 구미시 해평면 금호리 707번지,경상북도 구미시 해평면 낙동대로 2206,39154,중앙승마아카데미,2.01912E+13,U,2019.12.7 2:40,,323152.5315,301174.3562,승마장업,사립,Y,1,,3536.76,,,
27,승마장업,10_38_01_P,4670000,CDFH3301252016000001,20160108,,3,폐업,3,폐업,20220421,,,,063-543-9971,,,전라북도 군산시 성산면 고봉리 147-1,전라북도 군산시 성산면 송호로 128,54046,피터팬 승마 캠프,2.02204E+13,U,2022.4.23 2:40,,180554.819,275720.9051,승마장업,사립,,0,3,1083.78,0,,
28,승마장업,10_38_01_P,6510000,CDFH3301251996100004,19961120,,3,폐업,3,폐업,20170228,,,,783-5008,,695961,제주특별자치도 제주시 조천읍 교래리 산 60-6번지,제주특별자치도 제주시 조천읍 비자림로 581,,제주관광승마장,2.01801E+13,I,2018.8.31 23:59,,169254.7757,-6941.397024,승마장업,사립,,,4,254,,,
29,승마장업,10_38_01_P,6510000,CDFH3301251996100006,19961125,,3,폐업,3,폐업,20160422,,,,,,690090,제주특별자치도 제주시 봉개동 275-73번지,제주특별자치도 제주시 명림로 274  (봉개동),,제주탑승마클럽,2.01604E+13,I,2018.8.31 23:59,,163694.6557,-3651.490184,승마장업,사립,Y,,,513.4,,,
30,승마장업,10_38_01_P,6510000,CDFH3301252006000001,20061228,,3,폐업,3,폐업,20070912,,,,799-5888,,695908,제주특별자치도 제주시 애월읍 상가리 2156-15번지,제주특별자치도 제주시 애월읍 산록서로 81,,(주)웅지레포츠산업,2.00708E+13,I,2018.8.31 23:59,,142297.1195,-11536.91377,승마장업,사립,1,1,4,774.88,,,
31,승마장업,10_38_01_P,6510000,CDFH3301252012000001,20120118,,3,폐업,3,폐업,20150702,,,,,,695926,제주특별자치도 제주시 한림읍 동명리 946-3번지,제주특별자치도 제주시 한림읍 하운당길 74,695926,한림승마장,2.01507E+13,I,2018.8.31 23:59,,132305.7411,-11437.34686,승마장업,사립,,1,,30,,,
32,승마장업,10_38_01_P,6510000,CDFH3301252012000002,20120504,,3,폐업,3,폐업,20150703,,,,,,695923,제주특별자치도 제주시 한림읍 금능리 355-13번지 외 2필지,,,더존승마장,2.01507E+13,I,2018.8.31 23:59,,,,승마장업,사립,,1,,,,,
33,승마장업,10_38_01_P,6510000,CDFH3301252015000001,20150408,,3,폐업,3,폐업,20190924,,,,064-757-4482,,690121,제주특별자치도 제주시 아라일동 6-27번지,제주특별자치도 제주시 산천단남길 42 (아라일동),63243,제주대학교 말산업전문 양성센터 종합승마타운,2.01909E+13,U,2019.9.26 2:40,,159356.3828,-5439.348053,승마장업,사립,Y,1,,,,,
34,승마장업,10_38_01_P,6510000,CDFH3301252015000002,20150610,,3,폐업,3,폐업,20151029,,,,,,695967,제주특별자치도 제주시 조천읍 선흘리 454-1번지,제주특별자치도 제주시 조천읍 번영로 1734-15,695967,제주오름 승마랜드,2.0151E+13,I,2018.8.31 23:59,,173184.3363,-5191.651557,승마장업,사립,,1,2,169.2,,,
35,승마장업,10_38_01_P,6510000,CDFH3301252015000003,20151102,,3,폐업,3,폐업,20210126,,,,,,,제주특별자치도 제주시 조천읍 선흘리 454-1,제주특별자치도 제주시 조천읍 번영로 1734-15,63346,제주오름 승마랜드,2.02101E+13,U,2021.1.28 2:40,,173184.3363,-5191.651557,승마장업,사립,,1,,1941,,,
36,승마장업,10_38_01_P,6520000,CDFH3301251991000001,19910703,,3,폐업,3,폐업,20180702,,,,738-0344,,697301,제주특별자치도 서귀포시 상예동 150번지,제주특별자치도 서귀포시 상예로 349 (상예동),63548,초원승마장,2.01807E+13,I,2018.8.31 23:59,,143740.2341,-24331.29288,승마장업,사립,Y,1,,50,,,
37,승마장업,10_38_01_P,6520000,CDFH3301251997000001,19970304,,3,폐업,3,폐업,20080528,,,,,,697320,제주특별자치도 서귀포시 대포동 1번지,제주특별자치도 서귀포시 1100로 453-24  (대포동),,트레블러스승마장,2.00803E+13,I,2018.8.31 23:59,,148909.9037,-23178.12692,승마장업,사립,1,1,3,93.15,,,
38,승마장업,10_38_01_P,6520000,CDFH3301251998000001,19980820,,3,폐업,3,폐업,20170601,,,,,,699925,제주특별자치도 서귀포시 안덕면 동광리 산 31번지,,,한라승마장,2.01706E+13,I,2018.8.31 23:59,,139758.56,-18981.4413,승마장업,사립,,1,,,,,
39,승마장업,10_38_01_P,5060000,CDFH3301252011000001,20110325,,3,폐업,3,폐업,20190218,,,,437-6855,,740823,경상북도 김천시 봉산면 상금리 산 2-4번지,경상북도 김천시 봉산면 상금길 970-51,,추풍령 말사랑 호스타운,2.01902E+13,U,2019.2.20 2:40,,294270.6937,299757.6194,승마장업,사립,Y,,,,,,
40,승마장업,10_38_01_P,5060000,CDFH3301252012000001,20121114,,3,폐업,3,폐업,20201013,,,,054 433 8773,,740871,경상북도 김천시 남면 봉천리 1816-13,경상북도 김천시 남면 용밭길 15-2,39663,김천승마장,2.0201E+13,U,2020.10.16 2:40,,310361.1437,293077.4766,승마장업,사립,,,,,,,
41,승마장업,10_38_01_P,5010000,CDFH3301252012000001,20120410,,3,폐업,3,폐업,20130909,,,,061-275-0307,,535821,전라남도 신안군 증도면 대초리 1650-37번지,전라남도 신안군 증도면 지도증도로 1083-4,535821,(주)섬들채,2.01309E+13,I,2018.8.31 23:59,,124678.8321,166370.6101,승마장업,사립,,1,2,125.13,,,
42,승마장업,10_38_01_P,5010000,CDFH3301252009000001,20090626,,3,폐업,3,폐업,20210923,,,,,,535832,전라남도 신안군 임자면 대기리 산 140,전라남도 신안군 임자면 한틀길 194-46,,임자승마공원,2.02109E+13,U,2021.9.26 2:40,,116688.3341,179425.5213,승마장업,사립,,1,8,2805,0,,
43,승마장업,10_38_01_P,4710000,CDFH3301252010000001,20100910,,3,폐업,3,폐업,20181217,,,,548-9090,,576973,전라북도 김제시 용지면 부교리 181-5번지,전라북도 김제시 용지면 콩쥐팥쥐로 779-35,576973,대원승마클럽,2.01812E+13,U,2018.12.21 2:40,,198644.5254,257402.2841,승마장업,사립,,1,2,810,,,
44,승마장업,10_38_01_P,4700000,CDFH3301252008000001,20080703,,3,폐업,3,폐업,20131001,,,,,,590842,전라북도 남원시 인월면 상우리 106-2번지,전라북도 남원시 인월면 상우윗길 75-10,,지리산 푸른언덕 승마랜드,2.01512E+13,I,2018.8.31 23:59,,256440.3154,218042.8104,승마장업,사립,Y,,,,,,
45,승마장업,10_38_01_P,4700000,CDFH3301252010000001,20100708,,3,폐업,3,폐업,20170321,,,,,,590831,전라북도 남원시 운봉읍 준향리 477-1번지,전라북도 남원시 운봉읍 황산로 952,,한국경마축산고등학교 승마클럽,2.01703E+13,I,2018.8.31 23:59,,246800.4785,215866.6742,승마장업,사립,,1,1,1625,100,,
46,승마장업,10_38_01_P,4700000,CDFH3301252012000001,20120228,,3,폐업,3,폐업,20170206,,,,,,590811,전라북도 남원시 주천면 송치리 398번지,전라북도 남원시 주천면 중송길 77,,남원 에덴 승마랜드,2.01703E+13,I,2018.8.31 23:59,,239371.3868,209521.0187,승마장업,사립,,,2,200.45,,,
47,승마장업,10_38_01_P,6520000,CDFH3301252003000002,20030224,,3,폐업,3,폐업,20150911,,,,,,,제주특별자치도 서귀포시 성산읍 난산리 2972-7번지,제주특별자치도 서귀포시 성산읍 서성일로 269,63632,이어도승마장,2.01509E+13,I,2018.8.31 23:59,,183257.7384,-9839.091818,승마장업,사립,,,,,,,
48,승마장업,10_38_01_P,6520000,CDFH3301252005000001,20050427,,3,폐업,3,폐업,20161227,,,,,,699912,제주특별자치도 서귀포시 표선면 성읍리 3138번지,제주특별자치도 서귀포시 표선면 번영로 2350-21 (3138),63624,오케이 승마장,2.01612E+13,I,2018.8.31 23:59,,177607.2974,-9043.307469,승마장업,사립,,,,,,,
49,승마장업,10_38_01_P,6520000,CDFH3301252005000002,20050427,,3,폐업,3,폐업,20180315,,,,064-787-3066,,,제주특별자치도 서귀포시 표선면 성읍리 2422번지 오케이승마장,제주특별자치도 서귀포시 표선면 번영로 2595,63624,오케이승마장,2.01803E+13,I,2018.8.31 23:59,,179752.3873,-10363.53745,승마장업,사립,,1,,477,,,
50,승마장업,10_38_01_P,6520000,CDFH3301252011000002,20110902,,3,폐업,3,폐업,20170425,,,,064)792-5688,,699931,제주특별자치도 서귀포시 대정읍 보성리 780번지,제주특별자치도 서귀포시 대정읍 보성구억로 119,,주식회사 동부레저,2.01704E+13,I,2018.8.31 23:59,,132445.0917,-25747.78926,승마장업,사립,Y,1,,,,,
51,승마장업,10_38_01_P,6520000,CDFH3301252011000003,20111219,,3,폐업,3,폐업,20220214,,,,,,699905,제주특별자치도 서귀포시 성산읍 삼달리 1767,제주특별자치도 서귀포시 성산읍 중산간동로 4328-63,63635,씨엔피(C&P)승마아카데미,2.02202E+13,U,2022.2.16 2:40,,184192.8529,-11735.18966,승마장업,사립,Y,1,0,0,30,,
52,승마장업,10_38_01_P,6520000,CDFH3301252012000002,20120727,,3,폐업,3,폐업,20211028,,,,,,699908,제주특별자치도 서귀포시 성산읍 난산리 2236,제주특별자치도 서귀포시 성산읍 서성일로 602,,아일랜드 승마장,2.0211E+13,U,2021.10.31 2:40,,185968.1483,-7997.373036,승마장업,사립,,0,0,0,0,,
53,승마장업,10_38_01_P,6520000,CDFH3301252012000004,20121108,,3,폐업,3,폐업,20160218,,,,070-4115-0151,,699911,제주특별자치도 서귀포시 표선면 가시리 2349번지,제주특별자치도 서귀포시 표선면 중산간동로5220번길 14-12,63623,주식회사 이어도사나,2.01602E+13,I,2018.8.31 23:59,,178452.2025,-15855.94926,승마장업,사립,,1,,,,,
54,승마장업,10_38_01_P,6520000,CDFH3301252014000001,20140205,,3,폐업,3,폐업,20160316,,,,,,697858,제주특별자치도 서귀포시 중문동 2475번지,제주특별자치도 서귀포시 중문관광로 287-7 (중문동),63546,중문승마클럽,2.01603E+13,I,2018.8.31 23:59,,146672.4841,-27580.69702,승마장업,사립,,1,,60,,,
55,승마장업,10_38_01_P,6520000,CDFH3301252014000003,20140217,,3,폐업,3,폐업,20160407,,,,,,699904,제주특별자치도 서귀포시 성산읍 신풍리 33번지,제주특별자치도 서귀포시 성산읍 일주동로 5417,63636,신풍승마장,2.01604E+13,I,2018.8.31 23:59,,187228.1788,-15560.24139,승마장업,사립,,1,1,473,,,
56,승마장업,10_38_01_P,5050000,CDFH3301252011000001,20110308,,3,폐업,3,폐업,20180810,,,,772-0810,,780873,경상북도 경주시 천북면 물천리 559번지,경상북도 경주시 천북면 천북남로 392,,경주승마장,2.01808E+13,I,2018.8.31 23:59,,405936.3512,265460.8428,승마장업,사립,,1,,653.14,,,
57,승마장업,10_38_01_P,5200000,CDFH3301252007000001,20070706,,3,폐업,3,폐업,20140612,,,,,,717861,경상북도 고령군 덕곡면 노리 231번지,,,대가야승마클럽,2.01406E+13,I,2018.8.31 23:59,,308401.4122,255717.4809,승마장업,사립,,,,155.2,,,
58,승마장업,10_38_01_P,5200000,CDFH3301252011000001,20111024,,3,폐업,3,폐업,20211029,,,,054-955-4072,,717871,경상북도 고령군 다산면 곽촌리 58-170,경상북도 고령군 다산면 호촌강변길 63,40101,다산에버그린승마장,2.02111E+13,U,2021.11.24 2:40,,332050.3201,260069.0944,승마장업,사립,Y,1,0,1282.32,0,,
59,승마장업,10_38_01_P,5430000,CDFH3301252011000001,20111230,,3,폐업,3,폐업,20140804,,,,055-867-3400,,668853,경상남도 남해군 창선면 부윤리 320번지,경상남도 남해군 창선면 흥선로 1930-54,668850,남해승마장,2.01408E+13,I,2018.8.31 23:59,,294230.8889,150392.6249,승마장업,사립,,1,,1634.5,,,
60,승마장업,10_38_01_P,5410000,CDFH3301252011000001,20110523,,3,폐업,3,폐업,20180501,,,,532-5454,,635822,경상남도 창녕군 대지면 석리 336번지,경상남도 창녕군 대지면 우포2로 864,50316,창녕우포승마장,2.01805E+13,I,2018.8.31 23:59,,331992.6951,229671.7108,승마장업,사립,Y,1,1,2325.25,,,
61,승마장업,10_38_01_P,4820000,CDFH3301252012000001,20121206,,3,폐업,3,폐업,20170119,,,,755-3533,,,전라남도 순천시 서면 구상리 112번지,전라남도 순천시 서면 영내길 13-12,57903,순천국제승마장,2.01701E+13,I,2018.8.31 23:59,,250162.3746,166159.3113,승마장업,사립,Y,1,,127.22,,,
62,승마장업,10_38_01_P,4980000,CDFH3301252018000001,20180126,,3,폐업,3,폐업,20180822,,,,,,,전라남도 장성군 진원면 산정리 238-5번지,전라남도 장성군 진원면 진남1로 55-34,57244,빅토리아 승마클럽,2.01808E+13,I,2018.8.31 23:59,,182961.9631,195268.2066,승마장업,사립,Y,1,,,,,
63,승마장업,10_38_01_P,4950000,CDFH3301252011000001,20110427,,3,폐업,3,폐업,20180425,,,,284-0512,,,전라남도 무안군 삼향읍 왕산리 347-1번지,전라남도 무안군 삼향읍 영산로 1100-5,58560,테마승마장,2.01804E+13,I,2018.8.31 23:59,,147643.5428,151668.5723,승마장업,사립,,1,,,,,
64,승마장업,10_38_01_P,5000000,CDFH3301252011000001,20110923,,3,폐업,3,폐업,20121205,,,,,,539851,전라남도 진도군 지산면 가치리 404번지,전라남도 진도군 지산면 지산로 704,,한울테마승마장,2.01212E+13,I,2018.8.31 23:59,,120046.6305,104660.2353,승마장업,사립,,1,2,781.2,100,,
65,승마장업,10_38_01_P,3990000,CDFH3301252012000002,20120703,,3,폐업,3,폐업,20200102,,,,521-6288,,472908,경기도 남양주시 와부읍 도곡리 305-4번지,,,건국승마,2.02001E+13,U,2020.1.4 2:40,,220798.7094,452592.112,승마장업,사립,,1,,,,,
66,승마장업,10_38_01_P,3990000,CDFH3301252013000001,20130516,,3,폐업,3,폐업,20210810,,,,,,472841,경기도 남양주시 화도읍 가곡리 149-20,경기도 남양주시 화도읍 비룡로360번길 24-9,,디원승마클럽,2.02108E+13,U,2021.8.12 2:40,,227060.2843,464217.2075,승마장업,사립,,0,0,0,0,,
67,승마장업,10_38_01_P,5120000,CDFH3301252003000001,20030922,,3,폐업,3,폐업,20090916,,,,555-0001,,745812,경상북도 문경시 호계면 호계리 23번지,경상북도 문경시 호계면 상무로 377,745812,문경승마학교,2.0111E+13,I,2018.8.31 23:59,,306758.3234,350039.7722,승마장업,사립,,,,,,,
68,승마장업,10_38_01_P,5220000,CDFH3301252013000002,20130617,,3,폐업,3,폐업,20180221,,,,054-977-7277,,718922,경상북도 칠곡군 동명면 구덕리 20-12번지,경상북도 칠곡군 동명면 한티로 256,39856,써니파크승마장,2.01802E+13,I,2018.8.31 23:59,,343159.0359,276843.5053,승마장업,사립,Y,1,,1497.7,,,
69,승마장업,10_38_01_P,5220000,CDFH3301252013000003,20131119,,3,폐업,3,폐업,20190315,,,,054-977-5238,,,경상북도 칠곡군 지천면 낙산리 335-3번지,경상북도 칠곡군 지천면 낙산로1길 27-6,39865,세븐밸리홀스라이딩,2.01903E+13,U,2019.3.17 2:40,,338113.1845,271623.914,승마장업,사립,Y,1,2,933.59,,,
70,승마장업,10_38_01_P,5370000,CDFH3301252007000001,20070321,,3,폐업,3,폐업,20131105,,,,632-3366,,656822,경상남도 거제시 하청면 석포리 75-5번지 외 1필지,경상남도 거제시 하청면 연하해안로 1120  (외 1필지),,(주)태웅 지점 거제승마클럽,2.01311E+13,I,2018.8.31 23:59,,346338.8626,162952.8946,승마장업,사립,Y,1,5,2028.16,,,
71,승마장업,10_38_01_P,4090000,CDFH3301251999000001,19991007,,3,폐업,3,폐업,20190528,,,,987-1118,,415881,"경기도 김포시 하성면 가금리 393번지 외 2필지(394,394-9)",경기도 김포시 하성면 가금로228번길 38-85,10004,김포 승마클럽,2.01905E+13,U,2019.5.30 2:40,,165633.7001,471102.5509,승마장업,사립,Y,,3,2819.6,,,
72,승마장업,10_38_01_P,5530000,CDFH3301252008000001,20081127,,3,폐업,3,폐업,20180205,,,,366-5347,,445932,경기도 화성시 양감면 사창리 1024-5,경기도 화성시 양감면 솔안길 110,,화성승마클럽,2.01802E+13,I,2020.8.5 0:23,,196735.8906,397768.5307,승마장업,사립,0,,,,,,
73,승마장업,10_38_01_P,5360000,CDFH3301252011000001,20110617,,3,폐업,3,폐업,20161212,,,,055-391-3711,,627891,경상남도 밀양시 하남읍 남전리 116-1번지,경상남도 밀양시 하남읍 성만남전로 444-9,50454,밀양 승마장,2.01612E+13,I,2018.8.31 23:59,,357400.92,213535.7067,승마장업,사립,,,,,,,
74,승마장업,10_38_01_P,3930000,CDFH3301252011000003,20111208,,3,폐업,3,폐업,20171011,,,,031-418-5400,,,경기도 안산시 상록구 팔곡일동 19-5번지,경기도 안산시 상록구 목장길 36-21 (팔곡일동),15519,안산해피승마장,2.0171E+13,I,2018.8.31 23:59,,189457.9659,423408.8203,승마장업,사립,Y,1,3,663.33,,,
75,승마장업,10_38_01_P,3930000,CDFH3301252014000001,20140310,,3,폐업,3,폐업,20180605,,,,031-410-1154,,426220,경기도 안산시 상록구 사사동 587번지,경기도 안산시 상록구 수인로 895-86 (사사동),15525,골드승마클럽,2.01806E+13,I,2018.8.31 23:59,,192132.0932,421581.8872,승마장업,사립,Y,1,,,,,
76,승마장업,10_38_01_P,5020000,CDFH3301252002000001,20021105,,3,폐업,3,폐업,20140429,,,,,,790853,경상북도 포항시 남구 동해면 신정리 387-1번지,경상북도 포항시 남구 동해면 약전로115번길 11,790853,포항동해승마장,2.01404E+13,I,2018.8.31 23:59,,420737.2695,278273.1859,승마장업,사립,,1,,,,,
77,승마장업,10_38_01_P,5710000,CDFH3301252012100001,20120827,,3,폐업,3,폐업,20191220,,,,043-258-8000,,,충청북도 청주시 상당구 낭성면 지산리 426-1번지,충청북도 청주시 상당구 낭성면 지산길 67-16,28193,태산승마타운,2.01912E+13,U,2019.12.22 2:40,,251989.0059,347479.2544,승마장업,사립,Y,,,,,,
78,승마장업,10_38_01_P,5530000,CDFH3301252010000001,20100408,,3,폐업,3,폐업,20150521,,,,,,445833,경기도 화성시 매송면 천천리 32-2,경기도 화성시 매송면 매송고색로503번길 237-22,445830,홀스 메이트,2.01505E+13,I,2020.8.5 0:23,,195546.4668,416523.1282,승마장업,사립,,1,,143.64,,,
79,승마장업,10_38_01_P,5530000,CDFH3301252012000001,20120105,,3,폐업,3,폐업,20141010,,,,031-351-5679,,445944,"경기도 화성시 장안면 수촌리 187 외 187-7,187-8",경기도 화성시 장안면 수촌길 68-18,445944,발안승마클럽,2.0141E+13,I,2020.8.5 0:23,,186825.2938,399510.2854,승마장업,사립,Y,1,,,,,
80,승마장업,10_38_01_P,5530000,CDFH3301252017000001,20170302,,3,폐업,3,폐업,20180103,,,,,,,,경기도 화성시 비봉면 자청로207번길 21-49,18293,산들래 승마클럽,2.01801E+13,I,2020.8.5 0:23,,190352,411952,승마장업,사립,,,,916.44,,,
81,승마장업,10_38_01_P,3400000,CDFH3301252006000001,20060119,,3,폐업,3,폐업,20180327,,,,722-0878,,619906,부산광역시 기장군 기장읍 청강리 765번지,,,S'PARK승마클럽,2.01803E+13,I,2018.8.31 23:59,,401112.6451,193258.8234,승마장업,사립,Y,,,22273,,,
82,승마장업,10_38_01_P,4160000,CDFH3301252004000001,20040521,,3,폐업,3,폐업,20041204,,,,031-581-0114,,477803,경기도 가평군 가평읍 이화리 30-1번지,경기도 가평군 가평읍 북한강변로 882,477803,가평승마장,2.01112E+13,I,2018.8.31 23:59,,245532.1549,477188.3437,승마장업,사립,,,,,,,
83,승마장업,10_38_01_P,4160000,CDFH3301252011000002,20111018,,3,폐업,3,폐업,20150917,,,,031-582-5041,,477842,경기도 가평군 북면 목동리 916-7번지,경기도 가평군 북면 가화로 1059,477842,가평목동수련원/인재개발원,2.01509E+13,I,2018.8.31 23:59,,248056.5581,487497.7012,승마장업,사립,,,,240,,,
84,승마장업,10_38_01_P,5020000,CDFH3301252013000002,20131224,,3,폐업,3,폐업,20190424,,,,054-249-1333,,791941,경상북도 포항시 북구 흥해읍 남송리 860번지,경상북도 포항시 북구 흥해읍 삼흥로501번길 24-31,37552,포항승마클럽,2.01904E+13,U,2019.4.26 2:40,,412939.7302,291294.2884,승마장업,사립,,,3,,,,
85,승마장업,10_38_01_P,5020000,CDFH3301252014000001,20140120,,3,폐업,3,폐업,20190325,,,,054-243-2372,,791823,경상북도 포항시 북구 기계면 고지리 425번지,경상북도 포항시 북구 기계면 기남길149번길 52-65,37529,포항승마공원,2.01903E+13,U,2019.3.27 2:40,,395821.1041,288103.6135,승마장업,사립,,1,,,1000,,
86,승마장업,10_38_01_P,5020000,CDFH3301252015000001,20150921,,3,폐업,3,폐업,20160217,,,,,,,경상북도 포항시 북구 흥해읍 남송리 83-5번지,경상북도 포항시 북구 흥해읍 한동로424번길 47-20,37552,포항승마랜드,2.01602E+13,I,2018.8.31 23:59,,414572.3322,292213.8435,승마장업,사립,,1,,96.8,,,
87,승마장업,10_38_01_P,5020000,CDFH3301252016000001,20160603,,3,폐업,3,폐업,20201104,,,,,,,,경상북도 포항시 북구 흥해읍 한동로 474,37553,글로리아승마장,2.02011E+13,U,2020.11.6 2:40,,415195,292659,승마장업,사립,,1,2,45,,,
88,승마장업,10_38_01_P,5670000,CDFH3301252014000001,20140421,,3,폐업,3,폐업,20150629,,,,055-221-0460,,631843,"경상남도 창원시 마산합포구 구산면 수정리 213-1 외(212,213,213-2)",경상남도 창원시 마산합포구 구산면 안녕로 73,631843,홀스또메르승마랜드,2.01506E+13,I,2021.7.2 0:23,,344939.3897,181250.8465,승마장업,사립,Y,1,3,,,,
89,승마장업,10_38_01_P,3630000,CDFH3301252007000001,20070530,,3,폐업,3,폐업,20070530,,,,959-0808,,506053,광주광역시 광산구 산정동 613번지,광주광역시 광산구 하남지실길 363-66  (산정동),,어등산승마클럽,2.00707E+13,I,2018.8.31 23:59,,180889.6434,186680.2009,승마장업,사립,0,,,,,,
90,승마장업,10_38_01_P,3910000,CDFH3301252013000001,20130102,,3,폐업,3,폐업,20200715,,,,031-647-3111,,450090,경기도 평택시 지제동 906-2,경기도 평택시 지제로 133-15 (지제동),17823,레포필드승마장,2.02007E+13,U,2020.7.17 2:40,,204870.7001,391113.3047,승마장업,사립,,1,5,3011.19,,,
91,승마장업,10_38_01_P,3820000,CDFH3301252012000001,20120928,,3,폐업,3,폐업,20180424,,,,1544-8260,,480030,경기도 의정부시 장암동 228번지,경기도 의정부시 동일로 105-47 (장암동),,클럽엠홀스파크,2.01805E+13,I,2018.8.31 23:59,,204520.3524,466092.2774,승마장업,사립,Y,1,,,,,
92,승마장업,10_38_01_P,4060000,CDFH3301252003000002,20030429,,3,폐업,3,폐업,20061228,,,,942-4115,,413843,경기도 파주시 탄현면 낙하리 201-3번지,,,자유로아카데미승마클럽,2.00612E+13,I,2018.8.31 23:59,,176695.8061,481903.1607,승마장업,사립,0,,,,,,
93,승마장업,10_38_01_P,4060000,CDFH3301252003000003,20030429,,3,폐업,3,폐업,20140613,,,,942-9999,,413834,경기도 파주시 산남동 104-1번지,경기도 파주시 산남로107번길 35-50 (산남동),,자유로로얄승마클럽,2.01406E+13,I,2018.8.31 23:59,,173328.125,466719.8688,승마장업,사립,,,,,,,
94,승마장업,10_38_01_P,4060000,CDFH3301252006000001,20061228,,3,폐업,3,폐업,20121024,,,,942-4115,,413843,경기도 파주시 탄현면 낙하리 201-6번지,경기도 파주시 탄현면 동오리길 212-22,,나파밸리승마클럽,2.0121E+13,I,2018.8.31 23:59,,176724.2951,481935.5041,승마장업,사립,0,,,,,,
95,승마장업,10_38_01_P,4060000,CDFH3301252007000001,20070320,,3,폐업,3,폐업,20160530,,,,9497717,,413851,경기도 파주시 광탄면 마장리 86번지,경기도 파주시 광탄면 보광로 877,,파주힐링캠프,2.01605E+13,I,2018.8.31 23:59,,189743.4305,474525.705,승마장업,사립,,,,,,,
96,승마장업,10_38_01_P,4060000,CDFH3301252014000001,20140711,,3,폐업,3,폐업,20150724,,,,946-2357,,413130,경기도 파주시 산남동 104-1번지,경기도 파주시 산남로107번길 35-50 (산남동),413130,고세승마클럽,2.01507E+13,I,2018.8.31 23:59,,173328.125,466719.8688,승마장업,사립,Y,1,4,,,,
97,승마장업,10_38_01_P,4060000,CDFH3301252015000001,20150730,,3,폐업,3,폐업,20170214,,,,7040348636,,413130,경기도 파주시 산남동 104-1번지,경기도 파주시 산남로107번길 35-50 (산남동),10882,우주승마클럽,2.01702E+13,I,2018.8.31 23:59,,173328.125,466719.8688,승마장업,사립,,,,,,,
98,승마장업,10_38_01_P,4060000,CDFH3301252016000001,20161012,,3,폐업,3,폐업,20200421,,,,,,,경기도 파주시 목동동 415-71번지,경기도 파주시 파주로 478-24 (목동동),10871,교하 스카이 승마장,2.02004E+13,U,2020.4.24 2:40,,177023.9532,470397.3608,승마장업,사립,,1,,,,,
99,승마장업,10_38_01_P,4050000,CDFH3301252015000001,20150206,,3,폐업,3,폐업,20191108,,,,031-322-6500,,449853,경기도 용인시 처인구 모현읍 동림리 117-31번지,경기도 용인시 처인구 모현읍 왕림로50번길 69-61,16884,(주)남서울승마클럽,2.01911E+13,U,2019.11.10 2:40,,216824.7456,426707.4916,승마장업,사립,Y,2,,,,,
100,승마장업,10_38_01_P,4050000,CDFH3301252002000001,20020726,,3,폐업,3,폐업,20120109,,,,,,449872,경기도 용인시 처인구 원삼면 두창리 산 243번지,,,천손승마랜드,2.01201E+13,I,2018.8.31 23:59,,,,승마장업,사립,,,,979.6,,,
101,승마장업,10_38_01_P,5710000,CDFH3301252017000001,20171211,,3,폐업,3,폐업,20200227,,,,,,,충청북도 청주시 서원구 현도면 달계리 546-5번지,충청북도 청주시 서원구 현도면 청남로 250-1,28217,말이랑승마장 어린이승마체험학교,2.02002E+13,U,2020.2.29 2:40,,238237.4763,330778.1263,승마장업,사립,,1,,,,,
102,승마장업,10_38_01_P,3360000,CDFH3301252017000002,20171010,,3,폐업,3,폐업,20190503,,,,,,,부산광역시 강서구 송정동 1196-23번지,부산광역시 강서구 낙동남로 136 (송정동),46751,강서승마장,2.01905E+13,U,2019.5.5 2:40,,367555.1534,179584.1223,승마장업,사립,,,,,,,
103,승마장업,10_38_01_P,3360000,CDFH3301252013000001,20130116,,3,폐업,3,폐업,20191022,,,,051-971-9540,,618808,부산광역시 강서구 대저2동 3973-1번지,부산광역시 강서구 공항로539번길 33-1 (대저2동),46722,태양승마장,2.0191E+13,U,2019.10.24 2:40,,377973.6903,185914.6622,승마장업,사립,,,2,,,,
104,승마장업,10_38_01_P,3720000,CDFH3301252014000001,20140722,,3,폐업,3,폐업,20170531,,,,298-4969,,683280,울산광역시 북구 신현동 816번지,울산광역시 북구 무룡로 681 (신현동),44234,UEF승마파크,2.01705E+13,I,2018.8.31 23:59,,418962.158,234952.745,승마장업,사립,,1,,,,,
105,승마장업,10_38_01_P,4520000,CDFH3301252006000001,20060205,,3,폐업,3,폐업,20120924,,,,"041-541-5511,21",,336892,충청남도 아산시 선장면 군덕리 279-10번지,충청남도 아산시 선장면 삼봉로 70,,화랑승마랜드,2.01209E+13,I,2018.8.31 23:59,,188769.5368,364167.268,승마장업,사립,0,1,,2903,,,
106,승마장업,10_38_01_P,4520000,CDFH3301252007000001,20070918,,3,폐업,3,폐업,20080616,,,,541-5511,,336892,충청남도 아산시 선장면 군덕리 279-10번지,충청남도 아산시 선장면 삼봉로 70,,승마훈련원,2.00806E+13,I,2018.8.31 23:59,,188769.5368,364167.268,승마장업,사립,0,,3,2903,,,
107,승마장업,10_38_01_P,4550000,CDFH3301252009000001,20091230,,3,폐업,3,폐업,20120830,,,,754-5880,,312931,충청남도 금산군 진산면 만악리 307-4번지,,,금산승마클럽,2.01208E+13,I,2018.8.31 23:59,,239474.0857,294237.2645,승마장업,사립,,1,1,1813.02,,,
108,승마장업,10_38_01_P,4520000,CDFH3301251997000001,19970808,,3,폐업,3,폐업,20080513,,,,542-6031,,336912,충청남도 아산시 도고면 기곡리 180-1번지,충청남도 아산시 도고면 도고온천로 176,,파라다이스호텔도고승마장,2.00805E+13,I,2018.8.31 23:59,,190015.924,363106.6798,승마장업,사립,0,,,3184.75,,,
109,승마장업,10_38_01_P,4500000,CDFH3301252007000001,20071221,,3,폐업,3,폐업,20170816,,,,041-858-1616,,314843,충청남도 공주시 이인면 주봉리 323번지 외3필지,충청남도 공주시 이인면 돌고지길 5-8  (외3필지),,천마승마목장,2.01708E+13,I,2018.8.31 23:59,,207118.1693,321444.8623,승마장업,사립,0,4,,341,,,
110,승마장업,10_38_01_P,5690000,CDFH3301252016000001,20161215,,3,폐업,3,폐업,20180227,,,,044-566-6431,,,,세종특별자치시 소정면 매실로 474-41,30001,원 승마클럽,2.01802E+13,I,2018.8.31 23:59,,216629.4775,358331.9509,승마장업,사립,Y,1,1,1730,,,
111,승마장업,10_38_01_P,5690000,CDFH3301252017000001,20171227,,3,폐업,3,폐업,20200731,,,,,,,세종특별자치시 장군면 평기리 226-5,세종특별자치시 장군면 평기큰골길 46-65,30052,세종스테이블,2.02007E+13,U,2020.8.2 2:40,,218186.1248,334669.3805,승마장업,사립,,1,2,1404,,,
112,승마장업,10_38_01_P,5600000,CDFH3301251995000001,19950321,,3,폐업,3,폐업,20190314,,,,533-3741,,487840,경기도 포천시 화현면 화현리 704-3번지 등 2필지,경기도 포천시 화현면 화동로432번길 26 (등 2필지),,호스랜드,2.01903E+13,U,2019.3.16 2:40,,227269.1408,489157.287,승마장업,사립,Y,,10,,,,
113,승마장업,10_38_01_P,5600000,CDFH3301252007000001,20070131,,3,폐업,3,폐업,20150417,,,,533-9000,,487832,경기도 포천시 내촌면 마명리 131-3번지 등 8필지,,,서운승마장,2.01504E+13,I,2018.8.31 23:59,,217504.7579,474260.6272,승마장업,사립,1,1,,,,,
114,승마장업,10_38_01_P,4170000,CDFH3301252011000001,20110329,,3,폐업,3,폐업,20220914,,,,031-774-3132,,,경기도 양평군 지평면 월산리 576-1,경기도 양평군 지평면 월산저수지길 21,12541,미리내승마클럽,2.02209E+13,U,2022.9.16 2:40,,257388.4565,442263.1118,승마장업,사립,,3,9,4877,0,,
115,승마장업,10_38_01_P,4030000,CDFH3301252013000001,20130404,,3,폐업,3,폐업,20190107,,,,031-421-6370,,,경기도 의왕시 청계동 760번지,경기도 의왕시 옥박골동길 10-39 (청계동),16011,현대특수강(주) 웰텍승마클럽지점,2.01901E+13,U,2019.5.10 2:40,,200288.9923,432213.2247,승마장업,사립,,1,2,1321.9,,,
116,승마장업,10_38_01_P,5470000,CDFH3301252012000001,20120315,,1,영업/정상,13,영업중,,,,,942-3377,,,경상남도 거창군 위천면 남산리 323번지 외 1필지,경상남도 거창군 위천면 거차2길 126,50103,거창 오로라 승마장,2.01601E+13,I,2018.8.31 23:59,,275891.2796,249590.1029,승마장업,사립,,1,,,,,
117,승마장업,10_38_01_P,5310000,CDFH3301252013000001,20130506,,1,영업/정상,13,영업중,,,,,055-758-6924,,,경상남도 진주시 내동면 독산리 778번지,경상남도 진주시 내동면 산유로488번길 8-24,52849,건영승마장,2.01905E+13,U,2019.5.26 2:40,,296704.7203,182977.483,승마장업,사립,Y,1,,207.42,,,
118,승마장업,10_38_01_P,4220000,CDFH3301252012000001,20120716,,1,영업/정상,13,영업중,,,,,033-554-1107,,235020,강원도 태백시 화전동 107-2번지,강원도 태백시 태백로 483 (화전동),235020,태백승마클럽,2.01601E+13,I,2018.8.31 23:59,,374149.5521,412123.6027,승마장업,사립,,,1,528,,,
119,승마장업,10_38_01_P,4690000,CDFH3301252011000001,20110715,,1,영업/정상,13,영업중,,,,,534-0001,,580200,전라북도 정읍시 송산동 629-2,전라북도 정읍시 송산1길 142-101 (송산동),56197,웨스턴 스프링스,2.02208E+13,U,2022.8.31 2:40,,188488.1614,226783.2576,승마장업,사립,Y,1,,,,,
120,승마장업,10_38_01_P,4600000,CDFH3301252012000001,20120131,,1,영업/정상,13,영업중,,,,,041-630-9700,,,충청남도 홍성군 서부면 궁리 393-7,충청남도 홍성군 서부면 남당항로 690,32204,홍성군 승마장,2.0201E+13,U,2020.10.9 2:40,,152242.1929,342023.8915,승마장업,사립,Y,1,4,2728.97,,,
121,승마장업,10_38_01_P,4610000,CDFH3301252006000001,20060523,,1,영업/정상,13,영업중,,,,,041-333-3967,,340813,충청남도 예산군 대술면 마전리 122번지,,,오케이승마장,2.0181E+13,U,2018.10.10 2:37,,191642.8533,347942.5888,승마장업,사립,Y,1,,,,,
122,승마장업,10_38_01_P,4610000,CDFH3301252008000001,20080911,,1,영업/정상,13,영업중,,,,,337-9800,,340922,충청남도 예산군 덕산면 낙상리 220번지,,,효자승마클럽,2.00809E+13,I,2018.8.31 23:59,,165409.8228,347599.0654,승마장업,사립,0,,,,,,
123,승마장업,10_38_01_P,4490000,CDFH3301252006000001,20061127,,1,영업/정상,13,영업중,,,,,041-568-2229,,,충청남도 천안시 서북구 업성동 287-7번지,"충청남도 천안시 서북구 업성3길 31-54 (업성동, 천안승마클럽)",31076,천안승마클럽,2.01906E+13,U,2019.6.30 2:40,,211507.8658,373166.1207,승마장업,사립,Y,2,1,2165.33,0,,
124,승마장업,10_38_01_P,5590000,CDFH3301252011000001,20110106,,1,영업/정상,13,영업중,,,,,031-829-7226,,482811,경기도 양주시 장흥면 교현리 208,경기도 양주시 장흥면 북한산로1011번길 53-41,11523,멜버른 승마,2.02105E+13,U,2021.5.19 2:40,,197315.924,467335.5093,승마장업,사립,,,,1328,,,
125,승마장업,10_38_01_P,5590000,CDFH3301252012000001,20120827,,1,영업/정상,13,영업중,,,,,"866-7272,",,,경기도 양주시 산북동 201-8,경기도 양주시 평화로 1141-11 (산북동),11498,농업법인(주)한성승마클럽,2.02112E+13,U,2021.12.30 2:40,,204105.6871,476558.668,승마장업,사립,Y,1,3,0,0,,
126,승마장업,10_38_01_P,4040000,CDFH3301252012000001,20121122,,1,영업/정상,13,영업중,,,,,031-792-7721,,465140,경기도 하남시 미사동 575-3,경기도 하남시 미사동로37번길 175 (미사동),12900,미사리 승마공원,2.02103E+13,U,2021.3.25 2:40,,217592.0925,452824.3356,승마장업,사립,,,,,,,
127,승마장업,10_38_01_P,4140000,CDFH3301252011000001,20110120,,1,영업/정상,13,영업중,,,,,,,486801,경기도 연천군 연천읍 동막리 294-9번지,경기도 연천군 연천읍 동막로 109,11011,연천승마공원,2.01504E+13,I,2018.8.31 23:59,,208594.9405,509576.1341,승마장업,사립,Y,1,1,763.63,50,,
128,승마장업,10_38_01_P,5110000,CDFH3301252019000001,20190110,,1,영업/정상,13,영업중,,,,,054-537-6682,,,경상북도 상주시 사벌면 삼덕리 산 23-2번지,경상북도 상주시 사벌면 경천로 683-47,37128,국제승마장관리사업소,2.01911E+13,U,2019.11.28 2:40,,310604.8463,329734.4239,승마장업,사립,,1,,,,,
129,승마장업,10_38_01_P,5080000,CDFH3301252011000001,20110811,,1,영업/정상,13,영업중,,,,,,,730831,경상북도 구미시 옥성면 옥관리 20번지 일원,경상북도 구미시 옥성면 선상동로 1174-7,39102,구미시 승마장,2.01804E+13,I,2018.8.31 23:59,,314666.7359,314733.3413,승마장업,사립,,1,3,5278.71,,,
130,승마장업,10_38_01_P,5100000,CDFH3301252009000001,20090401,,1,영업/정상,13,영업중,,,,,054)330-6784,,770864,경상북도 영천시 임고면 효리 109-3,경상북도 영천시 임고면 승마휴양림길 62-29,38819,영천시운주산승마조련센터,2.02104E+13,U,2021.4.14 2:40,,380197.3131,283146.2185,승마장업,사립,Y,3,7,8740.82,,,
131,승마장업,10_38_01_P,5100000,CDFH3301252011000001,20111222,,1,영업/정상,13,영업중,,,,,054)335-2010,,770812,경상북도 영천시 신녕면 연정리 953번지,경상북도 영천시 신녕면 신화로 118 (휘명승마아카데미),38803,휘명승마아카데미,2.01705E+13,I,2018.8.31 23:59,,362258.107,284196.1355,승마장업,사립,Y,1,,,,,
132,승마장업,10_38_01_P,5100000,CDFH3301252013000001,20130409,,1,영업/정상,13,영업중,,,,,,,,경상북도 영천시 신녕면 화남리 1135-5번지 성운대학교,"경상북도 영천시 신녕면 대학길 105, 성운대학교",38801,성운대학교 재활승마장,2.02003E+13,U,2020.3.27 2:40,,358650.3336,286272.4741,승마장업,사립,,,2,1625.4,,,
133,승마장업,10_38_01_P,5340000,CDFH3301252013000002,20130318,,1,영업/정상,13,영업중,,,,,,,664190,경상남도 사천시 이홀동 162,경상남도 사천시 삼상로 623 (이홀동),52549,그린승마랜드,2.02203E+13,U,2022.3.12 2:40,,303307.6132,163014.5495,승마장업,사립,Y,0,0,0,0,,
134,승마장업,10_38_01_P,5340000,CDFH3301252011000001,20111129,,1,영업/정상,13,영업중,,,,,,,664812,경상남도 사천시 축동면 배춘리 121-5번지,경상남도 사천시 축동면 양동2길 50,52512,사천승마장,2.01111E+13,I,2018.8.31 23:59,,300636.9153,178615.9823,승마장업,사립,,1,,165,,,
135,승마장업,10_38_01_P,5380000,CDFH3301252004000001,20041229,,1,영업/정상,13,영업중,,,,,055-383-9800,,626861,경상남도 양산시 하북면 삼수리 285번지,경상남도 양산시 하북면 충렬로 1475,50505,통도승마랜드,2.01812E+13,U,2018.12.16 2:40,,388571.2963,220386.3395,승마장업,사립,Y,2,,1078,,,
136,승마장업,10_38_01_P,4790000,CDFH3301252009000001,20091203,,1,영업/정상,13,영업중,,,,,,,579861,전라북도 부안군 상서면 감교리 58-0,전라북도 부안군 상서면 병목골길 14-24,56336,부안아리울승마장,2.02007E+13,U,2020.7.26 2:40,,170262.5351,241851.7323,승마장업,사립,,1,3,1161.78,50,,
137,승마장업,10_38_01_P,4750000,CDFH3301252013000001,20130114,,1,영업/정상,13,영업중,,,,,063-352-0330,,597851,전라북도 장수군 천천면 월곡리 688-1,전라북도 장수군 천천면 승마로 913,55609,장수승마장,2.02009E+13,U,2020.9.30 2:40,,246100.2618,244381.8095,승마장업,공립,Y,1,10,15772.22,,,
138,승마장업,10_38_01_P,4770000,CDFH3301252017000001,20170821,,1,영업/정상,13,영업중,,,,,063-650-5537,,,,전라북도 순창군 팔덕면 신촌길 238 (순창군승마장),56021,순창군승마장,2.01708E+13,I,2018.8.31 23:59,,210259,209244,승마장업,사립,Y,2,3,3309.8,,,
139,승마장업,10_38_01_P,6510000,CDFH3301251996100002,19961120,,1,영업/정상,13,영업중,,,,,782-1199,,695979,제주특별자치도 제주시 구좌읍 송당리 산 126번지,제주특별자치도 제주시 구좌읍 번영로 2015,63355,송당승마장,2.01507E+13,I,2018.8.31 23:59,,175805.468,-6615.030626,승마장업,사립,,,3,356,,,
140,승마장업,10_38_01_P,6510000,CDFH3301251996100003,19961120,,1,영업/정상,13,영업중,,,,,782-5577,,695961,제주특별자치도 제주시 조천읍 교래리 산 42번지,,,탐라승마장,2.01706E+13,I,2018.8.31 23:59,,171403.0232,-6429.290691,승마장업,사립,,,4,399,,,
141,승마장업,10_38_01_P,6510000,CDFH3301251996100005,19961031,,1,영업/정상,13,영업중,,,,,064-746-5532,,690180,제주특별자치도 제주시 노형동 산 14-1번지,제주특별자치도 제주시 1100로 2659 (노형동),63078,어승생승마장,2.01708E+13,I,2018.8.31 23:59,,152529.7092,-7746.948819,승마장업,사립,Y,,,200,,,
142,승마장업,10_38_01_P,6510000,CDFH3301252000100001,20000929,,1,영업/정상,13,영업중,,,,,782-0314,,695961,제주특별자치도 제주시 조천읍 교래리 산 11번지,,,서진승마장,2.00606E+13,I,2018.8.31 23:59,,173862.8902,-7158.054465,승마장업,사립,1,1,3,407.5,,,
143,승마장업,10_38_01_P,6510000,CDFH3301252007000002,20070913,,1,영업/정상,13,영업중,,,,,,,695908,제주특별자치도 제주시 애월읍 상가리 2156-15번지,제주특별자치도 제주시 애월읍 산록서로 81,63042,웅지승마센터,2.01907E+13,U,2019.7.19 2:40,,142297.1195,-11536.91377,승마장업,사립,Y,2,4,774.88,,,
144,승마장업,10_38_01_P,6510000,CDFH3301252008000001,20081121,,1,영업/정상,13,영업중,,,,,784-1441,,,제주특별자치도 제주시 조천읍 교래리 39-0003,제주특별자치도 제주시 조천읍 비자림로 1065,63346,에코승마아카데미,2.02207E+13,U,2022.7.6 2:40,,173774.1611,-6829.096553,승마장업,사립,,,3,200.9,,,
145,승마장업,10_38_01_P,6510000,CDFH3301252008000002,20081124,,1,영업/정상,13,영업중,,,,,064-795-8080,,695931,제주특별자치도 제주시 한림읍 월림리 산 8번지,제주특별자치도 제주시 한림읍 월림7길 155,,라온더마파크,2.02002E+13,U,2020.2.13 2:40,,129564.5608,-15196.28326,승마장업,사립,,2,,1698.5,,,
146,승마장업,10_38_01_P,6510000,CDFH3301252009000001,20091231,,1,영업/정상,13,영업중,,,,,799-9530,,695916,제주특별자치도 제주시 애월읍 유수암리 1175번지,제주특별자치도 제주시 애월읍 녹고메길 152-1,63066,제주승마공원,2.01907E+13,U,2019.7.20 2:40,,144609.4682,-9949.685374,승마장업,사립,Y,2,,120,,,
147,승마장업,10_38_01_P,6510000,CDFH3301252010000001,20100223,,1,영업/정상,13,영업중,,,,,064-784-9020,,695975,제주특별자치도 제주시 구좌읍 행원리 3260,제주특별자치도 제주시 구좌읍 월행남길 322-30,,주식회사 케이피씨,2.02204E+13,U,2022.4.17 2:40,,179590.6442,3102.014781,승마장업,사립,Y,1,10,7343.12,0,,
148,승마장업,10_38_01_P,6510000,CDFH3301252010000002,20101015,,1,영업/정상,13,영업중,,,,,772-5534,,695949,제주특별자치도 제주시 한경면 청수리 113-3,제주특별자치도 제주시 한경면 연명로 348,,청수승마체험장,2.02112E+13,U,2021.12.8 2:40,,130912.2288,-21287.97016,승마장업,사립,,1,4,1191.44,500,,
149,승마장업,10_38_01_P,6510000,CDFH3301252017000001,20170714,,1,영업/정상,13,영업중,,,,,741-6724,,,,제주특별자치도 제주시 애월읍 산록서로 678-207,63064,제주한라대학교 마사학부 실습승마장,2.01707E+13,I,2018.8.31 23:59,,148166,-10999,승마장업,사립,,,3,5284.19,,,
150,승마장업,10_38_01_P,6520000,CDFH3301251996000001,19961114,,1,영업/정상,13,영업중,,,,,064-787-2324,,,제주특별자치도 서귀포시 표선면 성읍리 2045-1번지,제주특별자치도 서귀포시 표선면 번영로 2650 (성읍승마장),63624,성읍승마장,2.01803E+13,I,2018.8.31 23:59,,180104.6694,-10787.60236,승마장업,사립,Y,,,,,,
151,승마장업,10_38_01_P,6520000,CDFH3301252000000001,20000825,,1,영업/정상,13,영업중,,,,,064)787-8008,,699912,제주특별자치도 서귀포시 표선면 성읍리 2867,제주특별자치도 서귀포시 표선면 번영로 2486,,제주조랑말타운,2.02011E+13,U,2020.11.15 2:40,,178794.375,-9811.9804,승마장업,사립,Y,,4,372.62,,,
152,승마장업,10_38_01_P,6520000,CDFH3301252000000002,20000515,,1,영업/정상,13,영업중,,,,,064-787-5221,,699912,제주특별자치도 서귀포시 표선면 성읍리 2873번지,제주특별자치도 서귀포시 표선면 번영로 2454,,주식회사 동부레저,2.01707E+13,I,2018.8.31 23:59,,178565.2932,-9734.266836,승마장업,사립,,,7,435.6,,,
153,승마장업,10_38_01_P,6520000,CDFH3301252000000003,20000923,,1,영업/정상,13,영업중,,,,,064-784-5609,,699908,제주특별자치도 서귀포시 성산읍 난산리 2815,제주특별자치도 서귀포시 성산읍 서성일로 397,63632,뷰 제주하늘,2.02101E+13,U,2021.1.20 2:40,,184363.6526,-9224.656366,승마장업,사립,Y,,,,,,
154,승마장업,10_38_01_P,4490000,CDFH3301252019000001,20190510,,1,영업/정상,13,영업중,,,,,,,,충청남도 천안시 서북구 부대동 105-74번지,충청남도 천안시 서북구 부대3길 22 (부대동),31084,정철희 국제승마센터,2.01905E+13,I,2019.5.12 2:20,,213984.0958,371576.6747,승마장업,사립,,0,0,1982.45,0,,
155,승마장업,10_38_01_P,4850000,CDFH3301252011000001,20110714,,1,영업/정상,13,영업중,,,,,061-381-9102,,517862,전라남도 담양군 고서면 성월리 292,전라남도 담양군 고서면 광산길 43-7,57387,그랑프리 승마파크,2.02202E+13,U,2022.2.23 2:40,,197752.6382,190235.3218,승마장업,사립,Y,1,,1782.69,50,,
156,승마장업,10_38_01_P,5400000,CDFH3301252015000001,20150623,,1,영업/정상,13,영업중,,,,,,,637803,경상남도 함안군 가야읍 신음리 827-1번지,경상남도 함안군 가야읍 봉수로 478,52043,함안 승마장,2.01905E+13,U,2019.5.16 2:40,,326683.4563,195405.6101,승마장업,사립,Y,3,,6189.13,,,
157,승마장업,10_38_01_P,5010000,CDFH3301252017000001,20170510,,1,영업/정상,13,영업중,,,,,,,,,전라남도 신안군 자은면 자은서부2길 464-64,58831,자은해변승마장,2.01705E+13,I,2018.8.31 23:59,,,,승마장업,사립,,1,1,67.2,,,
158,승마장업,10_38_01_P,4710000,CDFH3301252008000001,20081208,,1,영업/정상,13,영업중,,,,,,,576861,전라북도 김제시 만경읍 장산리 288-3번지,전라북도 김제시 만경읍 장산2길 117-26,54313,김제 지평선 홀스랜드,2.01905E+13,U,2019.5.23 2:40,,184711.7508,260431.8422,승마장업,사립,,,,,,,
159,승마장업,10_38_01_P,4710000,CDFH3301252013000001,20130926,,1,영업/정상,13,영업중,,,,,547-3549,,576973,전라북도 김제시 용지면 부교리 84-4번지,전라북도 김제시 용지면 금백로 571-39,576973,전북말산업복합센터,2.01909E+13,U,2019.9.26 2:40,,199459.4228,258244.4853,승마장업,사립,,2,,4127,,,
160,승마장업,10_38_01_P,4940000,CDFH3301252009000001,20090224,,1,영업/정상,13,영업중,,,,,464-9555,,526897,전라남도 영암군 삼호읍 용앙리 1667-5번지,전라남도 영암군 삼호읍 대불주거2로 77,,대불승마클럽,2.01411E+13,I,2018.8.31 23:59,,150972.2171,139858.4738,승마장업,사립,Y,1,4,347.76,,,
161,승마장업,10_38_01_P,4940000,CDFH3301252011000001,20110616,,1,영업/정상,13,영업중,,,,,464-2828,,526891,전라남도 영암군 삼호읍 나불리 19-1번지,전라남도 영암군 삼호읍 나불도길 55,58447,나불도 승마랜드,2.01908E+13,U,2019.8.14 2:40,,150679.0059,142300.7566,승마장업,사립,Y,1,2,3544.4,,,
162,승마장업,10_38_01_P,4860000,CDFH3301252012000001,20120216,,1,영업/정상,13,영업중,,,,,061-363-1733,,516813,전라남도 곡성군 고달면 두가리 169-1번지,전라남도 곡성군 고달면 두계길 40-43,57547,섬진강 승마벨리 관광농원,2.0141E+13,I,2018.8.31 23:59,,234089.9223,193261.1576,승마장업,공립,,1,3,3651,,,
163,승마장업,10_38_01_P,4860000,CDFH3301252014000001,20141020,,1,영업/정상,13,영업중,,,,,061-363-1733,,516813,전라남도 곡성군 고달면 두가리 169-1번지,전라남도 곡성군 고달면 두계길 40-43,57547,섬진강승마밸리 관광농원,2.0141E+13,I,2018.8.31 23:59,,234089.9223,193261.1576,승마장업,공립,,1,3,3651,,,
164,승마장업,10_38_01_P,4810000,CDFH3301252012000001,20121212,,1,영업/정상,13,영업중,,,,,061-692-8011~3,,556814,전라남도 여수시 소라면 복산리 416-1,전라남도 여수시 소라면 서부로 280-51,59648,농업회사법인 현천승마(주),2.02011E+13,U,2020.11.11 2:40,,255808.3894,141120.1001,승마장업,사립,Y,1,,,,,
165,승마장업,10_38_01_P,6520000,CDFH3301252003000001,20030412,,1,영업/정상,13,영업중,,,,,787-4831,,699905,제주특별자치도 서귀포시 성산읍 삼달리 2254-9번지,제주특별자치도 서귀포시 성산읍 중산간동로 4517,,우리승마장,2.01706E+13,I,2018.8.31 23:59,,182503.7934,-12136.15833,승마장업,사립,Y,1,3,,,,
166,승마장업,10_38_01_P,6520000,CDFH3301252009000001,20090623,,1,영업/정상,13,영업중,,,,,787-3663,,699912,제주특별자치도 서귀포시 표선면 성읍리 475번지,제주특별자치도 서귀포시 표선면 서성일로 73,,알프스 승마장 포니,2.01711E+13,I,2018.8.31 23:59,,181520.2748,-10868.8552,승마장업,사립,,,,,,,
167,승마장업,10_38_01_P,6520000,CDFH3301252012000003,20120919,,1,영업/정상,13,영업중,,,,,064-738-8253,,697110,제주특별자치도 서귀포시 법환동 925-1번지,제주특별자치도 서귀포시 월드컵로45번길 64 (법환동),63572,(주)세리메리즈월드,2.01808E+13,I,2018.8.31 23:59,,154380.5274,-27619.15302,승마장업,사립,,1,1,80.5,,,
168,승마장업,10_38_01_P,6520000,CDFH3301252014000002,20140206,,1,영업/정상,13,영업중,,,,,064-787-7831,,699916,제주특별자치도 서귀포시 표선면 하천리 357-1번지 제주화석박물관,제주특별자치도 서귀포시 표선면 하천로 11 (제주화석박물관),63627,표선홀스랜드,2.02003E+13,U,2020.3.22 2:40,,185378.6529,-16917.69416,승마장업,사립,,,,,,,
169,승마장업,10_38_01_P,4180000,CDFH3301252019000001,20190911,,1,영업/정상,13,영업중,,,,,033-260-3670,,,강원도 춘천시 남산면 창촌리 10-1,"강원도 춘천시 남산면 송곡대학길 34, 송곡대학교",24465,송곡대학교 승마장,2.02003E+13,U,2020.4.1 2:40,,257154,476794,승마장업,사립,,1,,,,,
170,승마장업,10_38_01_P,4520000,CDFH3301252022000001,20220411,,1,영업/정상,13,영업중,,,,,,,,충청남도 아산시 송악면 평촌리 40-4,충청남도 아산시 송악면 평촌길50번길 105-17,31560,제이클라우드승마센터,2.02204E+13,I,2022.4.13 0:22,,200217,360246,승마장업,사립,,0,0,0,0,,
171,승마장업,10_38_01_P,5050000,CDFH3301252009000001,20091104,,1,영업/정상,13,영업중,,,,,,,,경상북도 경주시 손곡동 74,경상북도 경주시 천북남로 196 (손곡동),38116,경주 승마리조트,2.02012E+13,U,2020.12.13 2:40,,407363.8323,264204.1175,승마장업,사립,,1,,,,,
172,승마장업,10_38_01_P,5050000,CDFH3301252014000001,20140401,,1,영업/정상,13,영업중,,,,,054-770-3552,,780972,경상북도 경주시 충효동 1546-1,경상북도 경주시 알마을길 28-15 (충효동),38057,서라벌대학교 승마장,2.02012E+13,U,2021.1.1 2:40,,395356.8684,262139.7072,승마장업,사립,Y,,,2805.6,,,
173,승마장업,10_38_01_P,5200000,CDFH3301252015000001,20150819,,1,영업/정상,13,영업중,,,,,,,,경상북도 고령군 대가야읍 고아리 588번지,경상북도 고령군 대가야읍 신남로 61,40140,대가야기마문화체험장 /사)대한청소년문화진흥원 경북 고령지점,2.01602E+13,I,2018.8.31 23:59,,314465.7267,246576.518,승마장업,사립,Y,1,2,1070,,,
174,승마장업,10_38_01_P,5450000,CDFH3301252017000001,20170412,,1,영업/정상,13,영업중,,,,,,,,경상남도 산청군 생초면 대포리 168-2번지,경상남도 산청군 생초면 명지대포로 222 (산청승마장),52204,산청승마장,2.01807E+13,I,2018.8.31 23:59,,277174.5317,218602.5649,승마장업,사립,,1,1,377.49,,,
175,승마장업,10_38_01_P,4820000,CDFH3301252007000001,20071210,,1,영업/정상,13,영업중,,,,,755-0800,,540913,전라남도 순천시 낙안면 금산리 83번지 외1필지,전라남도 순천시 낙안면 금산길 118-28,57916,순천승마장,2.01401E+13,I,2018.8.31 23:59,,232491.6613,159679.979,승마장업,사립,,,,384,,,
176,승마장업,10_38_01_P,4970000,CDFH3301252014000001,20140825,,1,영업/정상,13,영업중,,,,,,,,전라남도 영광군 홍농읍 진덕리 380-2,전라남도 영광군 홍농읍 홍농로 574-40,57004,영광승마장,2.02207E+13,U,2022.7.31 2:40,,150198.7983,211835.9071,승마장업,사립,Y,1,5,628.6,0,,
177,승마장업,10_38_01_P,4830000,CDFH3301252006000001,20061107,,1,영업/정상,13,영업중,,,,,061-337-1287,,,전라남도 나주시 남평읍 우산리 53222번지,전라남도 나주시 남평읍 지석로 765-34 (훼밀리승마클럽),58231,훼밀리승마클럽,2.01809E+13,U,2018.9.28 23:59,,189120.0836,167285.0447,승마장업,사립,Y,,1,331,,,
178,승마장업,10_38_01_P,4090000,CDFH3301252016000001,20160229,,1,영업/정상,13,영업중,,,,,031-985-7330,,,경기도 김포시 고촌읍 신곡리 90-1번지,경기도 김포시 고촌읍 금포로 313,10124,아라뱃길 승마클럽,2.01907E+13,U,2019.8.2 2:40,,180635.9289,456477.4325,승마장업,사립,,1,3,448.8,,,
179,승마장업,10_38_01_P,3990000,CDFH3301252005000001,20051216,,1,영업/정상,13,영업중,,,,,031-575-8799,,472886,경기도 남양주시 오남읍 팔현리 377-3번지,경기도 남양주시 오남읍 팔현로207번길 112,,시즌파이브,2.01908E+13,U,2019.8.28 2:40,,221352.1604,464624.2747,승마장업,사립,,,,,,,
180,승마장업,10_38_01_P,3990000,CDFH3301252014000001,20140614,,1,영업/정상,13,영업중,,,,,571-9016,,472862,경기도 남양주시 진접읍 내각리 621-1번지,경기도 남양주시 진접읍 내각2로11번길 76,12074,청학 승마클럽,2.01906E+13,U,2019.6.26 2:40,,213567.0475,466784.9887,승마장업,사립,Y,2,4,,,,
181,승마장업,10_38_01_P,3990000,CDFH3301252014000002,20141016,,1,영업/정상,13,영업중,,,,,080-088-7745,,472905,경기도 남양주시 와부읍 월문리 487번지,경기도 남양주시 와부읍 월문천로 280-7,12203,동서울 승마장,2.01807E+13,I,2018.8.31 23:59,,221327.7178,455197.0156,승마장업,사립,,,,,,,
182,승마장업,10_38_01_P,3990000,CDFH3301252014000003,20141113,,1,영업/정상,13,영업중,,,,,,,472905,경기도 남양주시 와부읍 월문리 666번지,경기도 남양주시 와부읍 글개울로 102,12203,덕소 승마클럽,2.01411E+13,I,2018.8.31 23:59,,221550,456374,승마장업,사립,,,,,,,
183,승마장업,10_38_01_P,3990000,CDFH3301252018000001,20180402,,1,영업/정상,13,영업중,,,,,,,,경기도 남양주시 별내면 광전리 96-23,경기도 남양주시 별내면 청학로8번길 34-13,12090,홀스마스터즈 승마클럽,2.02111E+13,U,2021.11.21 2:40,,211034.7928,466632.7697,승마장업,사립,Y,1,,,,,
184,승마장업,10_38_01_P,3990000,CDFH3301252011000002,20110602,,1,영업/정상,13,영업중,,,,,,,472120,경기도 남양주시 호평동 23-61번지,경기도 남양주시 마치로 122 (호평동),472120,디원호스승마클럽,2.01506E+13,I,2018.8.31 23:59,,223134.0786,461240.6304,승마장업,사립,,,,,,,
185,승마장업,10_38_01_P,3990000,CDFH3301252012000001,20120207,,1,영업/정상,13,영업중,,,,,"841-3044,841-9523",,472813,경기도 남양주시 별내면 용암리 149-10번지,경기도 남양주시 별내면 용암제청말길 152-3,472813,작은말학교 별내,2.01908E+13,U,2019.8.3 2:40,,211529.8681,471561.9768,승마장업,사립,Y,1,,244.5,,,
186,승마장업,10_38_01_P,3860000,CDFH3301252009000001,20091125,,1,영업/정상,13,영업중,,,,,,,421813,경기도 부천시 여월동 122번지 외 2필지,경기도 부천시 원미로281번길 86 (여월동),14486,부천승마장,2.01607E+13,I,2018.8.31 23:59,,181718.0064,445391.7234,승마장업,사립,Y,1,2,384.51,,,
187,승마장업,10_38_01_P,3940000,CDFH3301252003000001,20030716,,1,영업/정상,13,영업중,,,,,031-977-2662,,410560,경기도 고양시 일산동구 문봉동 68,경기도 고양시 일산동구 견달산로 402 (문봉동),,Royal Saddle Equestrian Society,2.02206E+13,U,2022.6.12 2:40,,184533.6529,466401.9054,승마장업,사립,Y,2,0,4446.35,0,,
188,승마장업,10_38_01_P,4510000,CDFH3301252022000001,20220310,,1,영업/정상,13,영업중,,,,,,,,충청남도 보령시 요암동 825,충청남도 보령시 절골길 36 (요암동),33491,보령시승마훈련원,2.02203E+13,I,2022.3.12 0:22,,,,승마장업,사립,Y,1,2,375,0,,
189,승마장업,10_38_01_P,5120000,CDFH3301252014000001,20140611,,1,영업/정상,13,영업중,,,,,552-9991,,745862,경상북도 문경시 마성면 신현리 117-10번지 8통10반,경상북도 문경시 마성면 진남2길 32-10,36923,문경승마클럽,2.01406E+13,I,2018.8.31 23:59,,301229.7243,350847.9151,승마장업,사립,Y,1,2,251.35,,,
190,승마장업,10_38_01_P,5460000,CDFH3301252012000001,20120329,,1,영업/정상,13,영업중,,,,,055-962-6111,,676802,경상남도 함양군 함양읍 삼산리 338-1,경상남도 함양군 함양읍 삼휴길 134,50029,함양승마클럽,2.02109E+13,U,2021.9.29 2:40,,264180.3285,224231.2122,승마장업,사립,Y,1,0,2057.25,0,,
191,승마장업,10_38_01_P,5460000,CDFH3301252015000001,20151124,,1,영업/정상,13,영업중,,,,,,,,경상남도 함양군 함양읍 이은리 226-24,경상남도 함양군 함양읍 함양남서로 879,50049,천령승마랜드,2.02101E+13,U,2021.1.14 2:40,,266835.6348,222527.5613,승마장업,사립,Y,1,,494.7,,,
192,승마장업,10_38_01_P,3560000,CDFH3301252017000001,20170713,,1,영업/정상,13,영업중,,,,,,,,인천광역시 서구 시천동 144-7,,,유천승마장,2.02111E+13,U,2021.11.14 2:40,,171804.3239,452350.2957,승마장업,사립,Y,0,0,192,0,,
193,승마장업,10_38_01_P,3530000,CDFH3301252012000002,20121121,,1,영업/정상,13,영업중,,,,,032-469-0006,,405250,인천광역시 남동구 장수동 25-2번지,인천광역시 남동구 만의골로 221 (장수동),21533,인천승마공원,2.0191E+13,U,2019.10.10 2:40,,179763.1015,440048.742,승마장업,사립,Y,1,,576.54,,,
194,승마장업,10_38_01_P,3530000,CDFH3301252013000001,20131106,,1,영업/정상,13,영업중,,,,,032-819-9500,,405280,"인천광역시 남동구 도림동 326-1번지 327-1,327-3",인천광역시 남동구 오봉로10번길 22-37 (도림동),21656,인천남동승마클럽,2.01711E+13,I,2018.8.31 23:59,,175959.1977,434648.4757,승마장업,사립,Y,1,,416.29,,,
195,승마장업,10_38_01_P,3530000,CDFH3301252012000001,20121004,,1,영업/정상,13,영업중,,,,,032-466-2754,,405250,인천광역시 남동구 장수동 444-28번지,인천광역시 남동구 무네미로 219 (장수동),21530,인천 승마장,2.01711E+13,I,2018.8.31 23:59,,177601.2341,439569.1749,승마장업,사립,Y,1,,334.52,,,
196,승마장업,10_38_01_P,4020000,CDFH3301252011000001,20110902,,1,영업/정상,13,영업중,,,,,,,435070,경기도 군포시 도마교동 384-3번지,,,엘리트 승마스쿨,2.0151E+13,I,2018.8.31 23:59,,,,승마장업,사립,,,,,,,
197,승마장업,10_38_01_P,3930000,CDFH3301252005000001,20051108,,1,영업/정상,13,영업중,,,,,032-882-2255,,425340,경기도 안산시 단원구 대부남동 7-11,경기도 안산시 단원구 부흥로 376 (대부남동),15650,베르아델승마클럽,2.02112E+13,U,2021.12.23 2:40,,165096.4056,412427.5249,승마장업,사립,Y,0,3,7377.83,0,,
198,승마장업,10_38_01_P,3780000,CDFH3301252014000001,20140822,,1,영업/정상,13,영업중,,,,,031-752-8088,,,경기도 성남시 수정구 시흥동 115-5,경기도 성남시 수정구 여수대로29번길 50-1 (시흥동),13106,엑셀로이콰인알앤디쎈터,2.02203E+13,U,2022.3.20 2:40,,209584.3565,435926.0417,승마장업,사립,Y,1,2,1644.36,0,,
199,승마장업,10_38_01_P,4010000,CDFH3301252013000002,20130621,,1,영업/정상,13,영업중,,,,,031-431-3923,,429832,경기도 시흥시 월곶동 327-1,경기도 시흥시 마전로 342 (월곶동),15003,시흥승마힐링체험장,2.02105E+13,U,2021.5.27 2:40,,179756.3015,429770.135,승마장업,사립,,1,,460.98,,,
200,승마장업,10_38_01_P,4010000,CDFH3301252017000001,20170510,,1,영업/정상,13,영업중,,,,,,,,경기도 시흥시 월곶동 424-1,경기도 시흥시 달월길 37 (월곶동),15006,주식회사 월드승마학교,2.0211E+13,U,2021.10.28 2:40,,178719.698,430637.7644,승마장업,사립,,1,0,118.92,0,,
201,승마장업,10_38_01_P,4420000,CDFH3301252020000001,20200205,,1,영업/정상,13,영업중,,,,,,,,충청북도 보은군 보은읍 수정리 17-1,,,보은승마장,2.02006E+13,U,2020.6.28 2:40,,264974.7189,330542.0565,승마장업,사립,,,,,,,
202,승마장업,10_38_01_P,5530000,CDFH3301252009000001,20090730,,1,영업/정상,13,영업중,,,,,070-88281111,,,경기도 화성시 서신면 궁평리 376-4,경기도 화성시 서신면 궁평항로 1206,18556,(주)궁평캠프,2.02103E+13,U,2021.3.24 2:40,,172589.9268,402775.9567,승마장업,사립,,,,,,,
203,승마장업,10_38_01_P,5110000,CDFH3301252011000001,20110304,,1,영업/정상,13,영업중,,,,,054-537-6682,,742961,경상북도 상주시 사벌면 화달리 산 6-5번지,경상북도 상주시 사벌면 경천로 683-47,37128,상주국제승마장,2.01312E+13,I,2018.8.31 23:59,,310309.2128,329390.3096,승마장업,사립,,1,,,,,
204,승마장업,10_38_01_P,4190000,CDFH3301252009000001,20090702,,1,영업/정상,13,영업중,,,,,734-1141,,,강원도 원주시 문막읍 동화리 1393-1번지,강원도 원주시 문막읍 탑전길 50,26363,프리미어아레나승마클럽,2.01711E+13,I,2018.8.31 23:59,,273345.0124,426214.8423,승마장업,사립,,1,,210.6,,,
205,승마장업,10_38_01_P,3930000,CDFH3301252011000001,20110415,,1,영업/정상,13,영업중,,,,,031-403-3730,,,"경기도 안산시 상록구 장하동 177-2 177-2번지외 2필지(177-1, 178-2)","경기도 안산시 상록구 안산벌말길 150 (장하동, 177-2번지외 2필지(177-1, 178-2))",15208,에이스승마랜드,2.02009E+13,U,2020.9.23 2:40,,187501.5424,428477.4285,승마장업,사립,Y,1,,730.89,,,
206,승마장업,10_38_01_P,3930000,CDFH3301252011000002,20110610,,1,영업/정상,13,영업중,,,,,032-886-0008,,425320,경기도 안산시 단원구 대부동동 427-6,경기도 안산시 단원구 영전로 262-20 (대부동동),15642,해맞이승마클럽,2.02103E+13,U,2021.3.12 2:40,,165298.491,416430.9425,승마장업,사립,Y,1,,,,,
207,승마장업,10_38_01_P,3930000,CDFH3301252013000002,20130603,,1,영업/정상,13,영업중,,,,,031-411-3080,,426420,경기도 안산시 상록구 장하동 45번지,경기도 안산시 상록구 안산벌말1길 9 (장하동),15206,세계승마클럽,2.01912E+13,U,2020.1.1 2:40,,188307.0021,428473.1342,승마장업,사립,Y,,,,,,
208,승마장업,10_38_01_P,3930000,CDFH3301252015000001,20150623,,1,영업/정상,13,영업중,,,,,,,426420,경기도 안산시 상록구 장하동 178-1번지,경기도 안산시 상록구 안산벌말길 146 (장하동),15208,안산승마클럽,2.01808E+13,I,2018.8.31 23:59,,187526.7019,428527.8643,승마장업,사립,Y,1,,,,,
209,승마장업,10_38_01_P,4080000,CDFH3301252004000001,20041228,,1,영업/정상,13,영업중,,,,,031-672-4746,,456912,경기도 안성시 일죽면 고은리 47-3번지,경기도 안성시 일죽면 원설로 1042,17525,하노버승마장,2.01902E+13,U,2019.3.2 2:40,,239585.9754,403856.441,승마장업,사립,,,,,,,
210,승마장업,10_38_01_P,4080000,CDFH3301252009000001,20090506,,1,영업/정상,13,영업중,,,,,031-653-2033,,456824,경기도 안성시 공도읍 신두리 363-5,경기도 안성시 공도읍 대신두길 28,17558,농협중앙회 안성팜랜드 승마센터,2.02107E+13,U,2021.7.3 2:40,,217304.2774,387905.8165,승마장업,사립,,1,,,,,
211,승마장업,10_38_01_P,3720000,CDFH3301252018000001,20180725,,1,영업/정상,13,영업중,,,,,,,,울산광역시 북구 가대동 356번지,울산광역시 북구 버덩길 18 (가대동),44211,울산EDA승마장,2.01912E+13,U,2019.12.13 2:40,,409243.8982,236754.0981,승마장업,사립,Y,1,,,,,
212,승마장업,10_38_01_P,4680000,CDFH3301252011000001,20111005,,1,영업/정상,13,영업중,,,,,,,570911,전라북도 익산시 금마면 갈산리 242-20번지,,,EVeneSel horse stable(에벤에셀),2.01808E+13,I,2018.8.31 23:59,,200400.284,277641.1153,승마장업,사립,,,,,,,
213,승마장업,10_38_01_P,5530000,CDFH3301252013000001,20130225,,1,영업/정상,13,영업중,,,,,031-294-3744,,445891,경기도 화성시 봉담읍 내리 211-2,경기도 화성시 봉담읍 매봉로 218,18294,화성 홀스파크 주식회사,2.0201E+13,U,2020.10.30 2:40,,193331.01,414350.9239,승마장업,사립,,,,,,,
214,승마장업,10_38_01_P,5530000,CDFH3301252015000001,20150305,,1,영업/정상,13,영업중,,,,,031-350-3542,,445971,경기도 화성시 팔탄면 해창리 256-2,경기도 화성시 팔탄면 3.1만세로 641-28,18578,신창기업(주) 발리오스승마장,2.01901E+13,I,2020.8.5 0:23,,187900.4013,401158.876,승마장업,사립,,2,1,12900.07,,,
215,승마장업,10_38_01_P,5380000,CDFH3301252020000001,20200416,,1,영업/정상,13,영업중,,,,,055-367-0626,,,경상남도 양산시 동면 가산리 565-2번지,경상남도 양산시 동면 호포새동네길 83-3,50642,호포승마스쿨,2.02005E+13,U,2020.5.24 2:40,,383761.4192,200381.0159,승마장업,사립,Y,1,,1078.5,,,
216,승마장업,10_38_01_P,4610000,CDFH3301252020000001,20200414,,1,영업/정상,13,영업중,,,,,,,,충청남도 예산군 대술면 마전리 122번지,,,오케이목장,2.02004E+13,I,2020.4.16 0:23,,191642.8533,347942.5888,승마장업,사립,,,,,,,
217,승마장업,10_38_01_P,4250000,CDFH3301252014000001,20140206,,1,영업/정상,13,영업중,,,,,,,,강원도 홍천군 서면 팔봉리 1290-2,강원도 홍천군 서면 한치골길 262,25102,소노펠리체 승마클럽,2.02209E+13,U,2022.9.29 2:40,,260030.2807,460691.714,승마장업,사립,,2,,7696,,,
218,승마장업,10_38_01_P,4160000,CDFH3301252011000001,20110829,,1,영업/정상,13,영업중,,,,,,,477811,경기도 가평군 청평면 고성리 636-1,경기도 가평군 청평면 양진길 155,477811,청평마루승마클럽,2.02106E+13,U,2021.6.16 2:40,,242962.057,469586.6306,승마장업,사립,Y,1,2,300,,,
219,승마장업,10_38_01_P,6510000,CDFH3301252018000001,20180727,,1,영업/정상,13,영업중,,,,,,,,제주특별자치도 제주시 조천읍 와흘리 165-40번지,"제주특별자치도 제주시 조천읍 남조로 2213, 와흘을그리다.",63345,와흘을그리다.,2.01807E+13,I,2018.8.31 23:59,,,,승마장업,사립,,,,,,,
220,승마장업,10_38_01_P,5020000,CDFH3301252015000002,20151125,,1,영업/정상,13,영업중,,,,,,,,,경상북도 포항시 북구 흥해읍 한동로424번길 47-20,37552,한솔승마장,2.01511E+13,I,2018.8.31 23:59,,414572.3322,292213.8435,승마장업,사립,,1,1,,,,
221,승마장업,10_38_01_P,4460000,CDFH3301252020000001,20200625,,1,영업/정상,13,영업중,,,,,,,,충청북도 괴산군 괴산읍 사창리 45-2,충청북도 괴산군 괴산읍 문무로 468,28022,중원대학교 공공승마장,2.02006E+13,I,2020.6.27 0:23,,273187.0377,371628.6037,승마장업,사립,,1,4,2524.2,,,
222,승마장업,10_38_01_P,4030000,CDFH3301252021000001,20210520,,1,영업/정상,13,영업중,,,,,,,,경기도 의왕시 청계동 760,경기도 의왕시 옥박골동길 10-39 (청계동),16011,주식회사 인덕원승마스쿨,2.02105E+13,I,2021.5.22 0:22,,200288.9923,432213.2247,승마장업,사립,,1,,,,,
223,승마장업,10_38_01_P,4230000,CDFH3301252018000001,20180424,,1,영업/정상,13,영업중,,,,,637-3400,,,강원도 속초시 장사동 415번지,"강원도 속초시 영랑호반길 421, 1동 1층 (장사동)",24805,속초화랑승마장 ((사)한민족전통마상무예격구협회),2.01804E+13,I,2018.8.31 23:59,,337459.0318,525093.2556,승마장업,사립,,1,1,,,,
224,승마장업,10_38_01_P,4050000,CDFH3301252012000001,20121114,,1,영업/정상,13,영업중,,,,,031-332-9910,,449864,경기도 용인시 처인구 백암면 석천리 737번지,경기도 용인시 처인구 백암면 황새울로 256,17182,용인씨씨승마클럽,2.02006E+13,U,2020.6.11 2:40,,230999.7461,401164.782,승마장업,사립,Y,1,,268.48,,,
225,승마장업,10_38_01_P,4050000,CDFH3301252016000001,20160125,,1,영업/정상,13,영업중,,,,,031-335-5997,,,경기도 용인시 처인구 포곡읍 마성리 280-4,경기도 용인시 처인구 포곡읍 석성로888번길 18-22,17024,승마클럽 영풍,2.02112E+13,U,2021.12.26 2:40,,216975.2522,419510.1327,승마장업,사립,Y,2,11,1679.5,,,
226,승마장업,10_38_01_P,4050000,CDFH3301251998000001,19980814,,1,영업/정상,13,영업중,,,,,031-286-6490,,446909,경기도 용인시 기흥구 지곡동 257,경기도 용인시 기흥구 지삼로201번길 9 (지곡동),17088,(주)신갈승마클럽,2.02009E+13,U,2020.9.27 2:40,,211979.3074,415460.4363,승마장업,사립,Y,2,,,,,
227,승마장업,10_38_01_P,4050000,CDFH3301252009000001,20091229,,1,영업/정상,13,영업중,,,,,031-334-7935,,449852,경기도 용인시 처인구 모현읍 능원리 340,경기도 용인시 처인구 모현읍 능원로 41-30,16886,분당승마클럽,2.0211E+13,U,2021.10.16 2:40,,215304.511,425703.1226,승마장업,사립,Y,0,0,0,0,,
228,승마장업,10_38_01_P,4680000,CDFH3301252013000001,20130607,,1,영업/정상,13,영업중,,,,,8585557,,570822,전라북도 익산시 삼기면 용연리 471-5번지,,,익산승마장,2.01901E+13,U,2019.2.1 2:40,,198900.3651,278524.2218,승마장업,사립,Y,1,1,192.42,,,
229,승마장업,10_38_01_P,4680000,CDFH3301252015000001,20150806,,1,영업/정상,13,영업중,,,,,,,,전라북도 익산시 황등면 죽촌리 3-81번지,전라북도 익산시 황등면 익산대로 1259-18,54530,호남제일승마장,2.01508E+13,I,2018.8.31 23:59,,195310.2228,281368.4701,승마장업,사립,,1,,,,,
230,승마장업,10_38_01_P,4610000,CDFH3301252021000001,20210324,,1,영업/정상,13,영업중,,,,,,,,충청남도 예산군 대술면 마전리 123-1,충청남도 예산군 대술면 마전삼베실길 56-32,32445,오케이웨스턴 승마 영농조합법인,2.0211E+13,U,2021.10.10 2:40,,191632.7075,347839.6627,승마장업,사립,,0,0,0,0,,
231,승마장업,10_38_01_P,3670000,CDFH3301252017000002,20170801,,1,영업/정상,13,영업중,,,,,,,,대전광역시 유성구 덕명동 산 10-11 승마장,대전광역시 유성구 덕명로56번길 199 (덕명동),34155,복용승마장,2.02111E+13,U,2021.11.3 2:40,,227532.081,316650.9762,승마장업,사립,Y,2,,6231,,,
232,승마장업,10_38_01_P,3660000,CDFH3301252017000001,20170606,,1,영업/정상,13,영업중,,,,,042-542-0002,,,대전광역시 서구 흑석동 1-1번지,대전광역시 서구 언목재길 253 (흑석동),35427,퀸즈승마장,2.01809E+13,U,2018.9.11 23:59,,231984.9095,307861.3185,승마장업,사립,Y,1,3,262,,,
233,승마장업,10_38_01_P,4430000,CDFH3301252014000001,20140610,,1,영업/정상,13,영업중,,,,,,,373831,충청북도 옥천군 동이면 금암리 1086,충청북도 옥천군 동이면 옥천동이로 711-13,29023,블루홀스 승마센터,2.02107E+13,U,2021.7.15 2:40,,256604.8678,309163.9477,승마장업,사립,Y,1,0,2595.36,0,,
234,승마장업,10_38_01_P,5710000,CDFH3301252016000001,20160805,,1,영업/정상,13,영업중,,,,,,,,충청북도 청주시 서원구 현도면 중척리 402-1번지 외(423-7),충청북도 청주시 서원구 현도면 양지시목로 402,28218,주식회사하이엠 에스라인승마장 한국승마교육원,2.01903E+13,U,2019.3.16 2:40,,236235.8408,330221.4627,승마장업,사립,Y,1,,,,,
235,승마장업,10_38_01_P,3480000,CDFH3301252016000001,20160923,,1,영업/정상,13,영업중,,,,,053-614-8765,,,대구광역시 달성군 옥포읍 기세리 산 30-3번지,대구광역시 달성군 옥포읍 비슬로468길 43 (승마장),42972,비슬 승마체험장,2.02003E+13,U,2020.4.1 2:40,,333404,255233,승마장업,사립,,,,,,,
236,승마장업,10_38_01_P,3360000,CDFH3301252017000001,20170830,,1,영업/정상,13,영업중,,,,,,,,부산광역시 강서구 봉림동 881-11번지,부산광역시 강서구 봉림길234번길 15 (봉림동),46709,서부산승마랜드,2.02004E+13,U,2020.4.10 2:40,,371845.7033,187758.0841,승마장업,사립,,1,,,,,
237,승마장업,10_38_01_P,5350000,CDFH3301252014000001,20140320,,1,영업/정상,13,영업중,,,,,055-323-9688,,621892,경상남도 김해시 대동면 대감리 619번지,경상남도 김해시 대동면 대동로 949-64,50806,BK승마랜드,2.01807E+13,I,2018.8.31 23:59,,380020.3017,198256.007,승마장업,사립,,1,3,496.2,,,
238,승마장업,10_38_01_P,5350000,CDFH3301252012000001,20120926,,1,영업/정상,13,영업중,,,,,,,,경상남도 김해시 화목동 1840,경상남도 김해시 화목로 264-53 (화목동),51010,김해승마클럽,2.02008E+13,U,2020.8.21 2:40,,369786.2832,188447.937,승마장업,사립,Y,1,3,755.61,,,
239,승마장업,10_38_01_P,4520000,CDFH3301252011000001,20110317,,1,영업/정상,13,영업중,,,,,041-542-4408,,336862,충청남도 아산시 음봉면 동천리 77-1번지,충청남도 아산시 음봉면 충무로604번길 42,,충무승마클럽,2.02001E+13,U,2020.1.18 2:40,,201314.4466,370507.8893,승마장업,사립,Y,1,,1349.11,50,,
240,승마장업,10_38_01_P,4520000,CDFH3301252017000001,20170227,,1,영업/정상,13,영업중,,,,,041-549-9912,,,충청남도 아산시 송악면 평촌리 40-12,충청남도 아산시 송악면 평촌길50번길 105-10,31560,구웅목장,2.02204E+13,U,2022.4.12 2:40,,200252,360196,승마장업,사립,,,,3860.2,,,
241,승마장업,10_38_01_P,5680000,CDFH3301252009000001,20091224,,1,영업/정상,13,영업중,,,,,,,,충청남도 당진시 송산면 금암리 331-1번지,충청남도 당진시 송산면 금암1길 51-4,31717,당진 승마장,2.01708E+13,I,2018.8.31 23:59,,168119.0318,380216.2343,승마장업,사립,,,,,,,
242,승마장업,10_38_01_P,5690000,CDFH3301252011000001,20110509,,1,영업/정상,13,영업중,,,,,044-862-0505,,339814,세종특별자치시 연서면 월하리 663-6번지,세종특별자치시 연서면 세종로 2156-9,,세종승마클럽,2.01905E+13,U,2019.6.4 2:40,,226243.7126,342056.07,승마장업,사립,Y,1,1,675.8,50,,
243,승마장업,10_38_01_P,4390000,CDFH3301252011000001,20110722,,1,영업/정상,13,영업중,,,,,,,380830,충청북도 충주시 산척면 962번지,충청북도 충주시 산척면 샛강영길 73,380830,천등산 승마크럽,2.02003E+13,U,2020.4.2 2:40,,285953.2162,400669.6777,승마장업,사립,Y,1,,192,,,
244,승마장업,10_38_01_P,4390000,CDFH3301252016000001,20161220,,1,영업/정상,13,영업중,,,,,043-852-0121,,,충청북도 충주시 금가면 원포리 461-62번지,충청북도 충주시 금가면 장대산길 10-8,27445,충주시 홀스팜 랜드,2.02003E+13,U,2020.4.2 2:40,,277998.6325,390692.2897,승마장업,사립,,1,,80.8,,,
245,승마장업,10_38_01_P,4070000,CDFH3301252009000001,20090204,,1,영업/정상,13,영업중,,,,,031-631-5572,,,경기도 이천시 호법면 후안리 476-4번지 스티븐스승마장,"경기도 이천시 호법면 이섭대천로527번길 151, 스티븐스승마장",17394,스티븐스포츠아카데미센터,2.01905E+13,U,2019.5.31 2:40,,237115.7369,413925.5782,승마장업,사립,,,,,,,
246,승마장업,10_38_01_P,5600000,CDFH3301252006000001,20060112,,1,영업/정상,13,영업중,,,,,,,487817,"경기도 포천시 가산면 우금리 250 (250-2, 255-1)","경기도 포천시 가산면 우금3길 59 ((250-2, 255-1))",,레이크밸리승마클럽,2.02203E+13,U,2022.3.16 2:40,,219038.2595,479831.4609,승마장업,사립,Y,,2,254.4,,,
247,승마장업,10_38_01_P,4170000,CDFH3301252013000001,20130314,,1,영업/정상,13,영업중,,,,,031-774-1566,,476841,경기도 양평군 용문면 408-1번지,경기도 양평군 용문면 경강로 2960,476841,(주)골든쌔들,2.01909E+13,U,2019.9.18 2:40,,252491,443822,승마장업,사립,,1,1,,,,
248,승마장업,10_38_01_P,3660000,CDFH3301252018000001,20181228,,1,영업/정상,13,영업중,,,,,,,,대전광역시 서구 흑석동 332,대전광역시 서구 조련길 50 (흑석동),35426,대전승마장,2.02202E+13,U,2022.2.24 2:40,,230848.46,305730.9121,승마장업,사립,Y,1,,,,,
249,승마장업,10_38_01_P,5670000,CDFH3301252015000001,20150415,20200819,4,취소/말소/만료/정지/중지,32,신고취소,,,,,055-299-5008,,641871,경상남도 창원시 의창구 북면 화천리 203,경상남도 창원시 의창구 북면 구룡로 524-10,51110,창원승마장,2.02008E+13,I,2021.7.2 0:23,,346309.088,201137.098,승마장업,사립,Y,1,,1297.8,10,,
250,승마장업,10_38_01_P,4490000,CDFH3301252003000001,20030624,,4,취소/말소/만료/정지/중지,35,직권말소,20111109,,,,583-1176,,331825,충청남도 천안시 서북구 입장면 홍천리 18-23번지,충청남도 천안시 서북구 입장면 홍천당곡길 56-2,,천안승마장,2.01111E+13,I,2018.8.31 23:59,,221298.3676,377883.7271,승마장업,사립,Y,0,2,566.02,0,,
251,승마장업,10_38_01_P,5590000,CDFH3301252008000001,20080320,,4,취소/말소/만료/정지/중지,35,직권말소,20210517,,,,031-861-8545,,482862,"경기도 양주시 은현면 하패리 210 외 2필지(210-1,210-2)","경기도 양주시 은현면 운하로528번길 239-39 (외 2필지(210-1,210-2))",11426,양주승마클럽,2.02105E+13,U,2021.5.19 2:40,,203262.6708,486244.0661,승마장업,사립,,1,2,379.5,,,
252,승마장업,10_38_01_P,4140000,CDFH3301252005000001,20051230,,4,취소/말소/만료/정지/중지,35,직권말소,20171016,,,,,,,경기도 연천군 미산면 동이리 622-1번지,,,연천승마클럽,2.0171E+13,I,2018.8.31 23:59,,199024.2602,502128.5555,승마장업,사립,,,,,,,
253,승마장업,10_38_01_P,6510000,CDFH3301251996100001,19961104,,4,취소/말소/만료/정지/중지,35,직권말소,20131213,,,,,,695907,제주특별자치도 제주시 애월읍 봉성리 4554번지,제주특별자치도 제주시 애월읍 평화로 1529,695907,제주드림랜드승마클럽,2.01312E+13,I,2018.8.31 23:59,,140692.6401,-14630.843,승마장업,사립,Y,,4,875,,,
254,승마장업,10_38_01_P,6510000,CDFH3301251998100001,19980626,,4,취소/말소/만료/정지/중지,35,직권말소,20151127,,,,784-3088,,695974,제주특별자치도 제주시 구좌읍 송당리 산 267번지,제주특별자치도 제주시 구좌읍 번영로 2202,,성불오름승마장,2.01511E+13,I,2018.8.31 23:59,,176950.3342,-7695.498177,승마장업,사립,Y,,5,261.62,,,
255,승마장업,10_38_01_P,6510000,CDFH3301252007000001,20070516,,4,취소/말소/만료/정지/중지,35,직권말소,20120925,,,,064-799-0017,,695910,제주특별자치도 제주시 애월읍 소길리 산 196번지,제주특별자치도 제주시 애월읍 장소로 476,695910,한라승마랜드(실외),2.0121E+13,I,2018.8.31 23:59,,142475.5069,-9377.730716,승마장업,사립,Y,,,116.64,,,
256,승마장업,10_38_01_P,6510000,CDFH3301252010000003,20101026,,4,취소/말소/만료/정지/중지,35,직권말소,20151209,,,,064)784-3377,,695962,제주특별자치도 제주시 조천읍 선흘리 4086번지,제주특별자치도 제주시 조천읍 선흘민오름길 50,,나누리승마장,2.01512E+13,I,2018.8.31 23:59,,171276.305,-3990.036265,승마장업,사립,,2,1,666.18,,,
257,승마장업,10_38_01_P,6510000,CDFH3301252012000003,20120726,,4,취소/말소/만료/정지/중지,35,직권말소,20190625,,,,,,695949,제주특별자치도 제주시 한경면 청수리 855번지,제주특별자치도 제주시 한경면 청수서5길 53,63006,영농조합법인 산새미 승마 체험장,2.01906E+13,U,2019.6.27 2:40,,130164.6199,-21021.28707,승마장업,사립,,1,,147.22,100,,
258,승마장업,10_38_01_P,6510000,CDFH3301252011000001,20110407,,4,취소/말소/만료/정지/중지,35,직권말소,20151127,,,,064-799-4420,,695914,제주특별자치도 제주시 애월읍 어음리 3912번지,제주특별자치도 제주시 애월읍 산록서로 18,695914,폴리승마장,2.01511E+13,I,2018.8.31 23:59,,141777.4748,-11975.86425,승마장업,사립,,,1,49.59,,,
259,승마장업,10_38_01_P,6520000,CDFH3301252009000002,20090629,,4,취소/말소/만료/정지/중지,35,직권말소,20160316,,,,,,697120,제주특별자치도 서귀포시 중문동 2475번지,제주특별자치도 서귀포시 중문관광로 287-7 (중문동),,중문 승마클럽,2.01705E+13,I,2018.8.31 23:59,,146672.4841,-27580.69702,승마장업,사립,Y,1,,60,,,
260,승마장업,10_38_01_P,3990000,CDFH3301252004000001,20041027,,4,취소/말소/만료/정지/중지,35,직권말소,20211005,,,,592-0749,,472851,경기도 남양주시 수동면 수산리 597,경기도 남양주시 수동면 비룡로 1621-7,,남양주 승마장,2.0211E+13,U,2021.10.20 2:40,,224125.1151,472766.5116,승마장업,사립,,0,0,0,0,,
261,승마장업,10_38_01_P,3990000,CDFH3301252011000001,20110126,,4,취소/말소/만료/정지/중지,35,직권말소,20211005,,,,031-590-4245,,472851,경기도 남양주시 수동면 내방리 237-1 외 1필지,,,몽골문화촌 승마체험장,2.0211E+13,U,2021.10.20 2:40,,223993.3869,472589.0636,승마장업,사립,,0,0,297,0,,
262,승마장업,10_38_01_P,5530000,CDFH3301251999000001,19990511,,4,취소/말소/만료/정지/중지,35,직권말소,20150522,,,,031-356-8421,,445130,경기도 화성시 남양읍 장덕리 2-5,경기도 화성시 현대연구소로 179 (장덕동),,(주)우리 남양승마클럽,2.01505E+13,I,2020.8.5 0:23,,184173.412,406555.909,승마장업,사립,Y,,,1337,,,
263,승마장업,10_38_01_P,5680000,CDFH3301252011000001,20111114,,4,취소/말소/만료/정지/중지,35,직권말소,20170530,,,,041-362-1005,,,충청남도 당진시 신평면 매산리 96-9번지,충청남도 당진시 신평면 매산해변길 210,31743,아델승마장,2.01705E+13,I,2018.8.31 23:59,,182424.189,380361.4629,승마장업,사립,Y,1,,,,,
264,승마장업,10_38_01_P,5680000,CDFH3301252012000001,20120723,,4,취소/말소/만료/정지/중지,35,직권말소,20170414,,,,,,343852,충청남도 당진시 석문면 난지도리 149-55번지,,,신흥승마클럽,2.01704E+13,I,2018.8.31 23:59,,152237.1001,391156.2494,승마장업,사립,,,,,,,
265,승마장업,10_38_01_P,4540000,CDFH3301252006000001,20060929,,4,취소/말소/만료/정지/중지,35,직권말소,20090713,,,,,,320932,충청남도 논산시 상월면 학당리 232-1번지,,,나드리 승마장,2.01604E+13,I,2018.8.31 23:59,,,,승마장업,사립,,,1,738.99,,,